X1,A_module_type,module_id,A_user_id,gender,mode,activity_level,language
1,problem,UBCx/PSYC.1x/problem/1f73f3c8545a4659a6e83cc146630a37,5624784,f,audit,NA,NA
2,problem,UBCx/PSYC.1x/problem/34ebb12934e24b6d8d9b7d14c40106b6,5624784,f,audit,NA,NA
3,problem,UBCx/PSYC.1x/problem/b0b325b440ef4c6e88864dd54392762a,5624784,f,audit,NA,NA
4,problem,UBCx/PSYC.1x/problem/e5340cd3b1a64bc7915a66544160451e,5624784,f,audit,NA,NA
5,problem,UBCx/PSYC.1x/problem/ca0f13b50da34458b9b0c6b208a010cc,5624784,f,audit,NA,NA
6,problem,UBCx/PSYC.1x/problem/88b82dbd63d945719f54581fbc5312f6,5624784,f,audit,NA,NA
7,problem,UBCx/PSYC.1x/problem/b3adf9d01467414e8c7f478a03f584a8,5624784,f,audit,NA,NA
8,problem,UBCx/PSYC.1x/problem/dda39c28dabc49d58c67114da0f5ebe1,5624784,f,audit,NA,NA
9,problem,UBCx/PSYC.1x/problem/b63c5c6923fc470c891c5d25208e45f5,5624784,f,audit,NA,NA
10,video,UBCx/PSYC.1x/video/07942e5abfe4436e8b6f9121cdedd067,11350851,NA,audit,8226.351349,en
11,problem,UBCx/PSYC.1x/problem/84f53f2fae35449595ce5bc46a1f2c80,8917568,f,audit,NA,NA
12,problem,UBCx/PSYC.1x/problem/37d9b2c81d1c43cb930867f69502b911,8917568,f,audit,NA,NA
13,problem,UBCx/PSYC.1x/problem/adbbe8feb70e4a1fb1bd08be450ccc31,8917568,f,audit,NA,NA
14,video,UBCx/PSYC.1x/video/10ae29918fa2420882c1ee08289d8c82,8917568,f,audit,NA,NA
15,problem,UBCx/PSYC.1x/problem/4aebf076c528407a94dbbd65ee0531e5,8917568,f,audit,NA,NA
16,problem,UBCx/PSYC.1x/problem/acdd0a2e377443258167e4c7d507b971,8917568,f,audit,NA,NA
17,problem,UBCx/PSYC.1x/problem/ded6719b95fb4da6a2ce8be5cebbfc65,8917568,f,audit,NA,NA
18,chapter,UBCx/PSYC.1x/chapter/5172164dac324a3f846d193eecd559e0,13457568,NA,audit,NA,NA
19,problem,UBCx/PSYC.1x/problem/d40db0d31b2d4b0c9e6fdc9df09dc7a1,5624784,f,audit,NA,NA
20,problem,UBCx/PSYC.1x/problem/c2ad9ad9a5ee4f428bcd6a5fe76f8261,5624784,f,audit,NA,NA
21,problem,UBCx/PSYC.1x/problem/4db23d5cb84f47bfa7e13e52922beb04,5624784,f,audit,NA,NA
22,problem,UBCx/PSYC.1x/problem/76af263f2f524503a8935d766cad5bdf,5624784,f,audit,NA,NA
23,problem,UBCx/PSYC.1x/problem/a81ceca3e4d14b1a944909ba6829d843,5624784,f,audit,NA,NA
24,problem,UBCx/PSYC.1x/problem/f2446117089a48d3a0d05f51d377bb3e,5624784,f,audit,NA,NA
25,problem,UBCx/PSYC.1x/problem/1037a288113c44c28e8fdfecf4b02bd3,5624784,f,audit,NA,NA
26,problem,UBCx/PSYC.1x/problem/1fd710ddfc044ba18719367c8b45370e,5624784,f,audit,NA,NA
27,chapter,UBCx/PSYC.1x/chapter/9343693e210b4e8ca7c0482fdc166d27,13457568,NA,audit,NA,NA
28,video,UBCx/PSYC.1x/video/7d3b917ffec34f4db19a4e20aebfb421,8917568,f,audit,NA,NA
29,video,UBCx/PSYC.1x/video/3aa13375219f48a091e1b5f759f2d7ea,13366096,f,verified,NA,NA
30,video,UBCx/PSYC.1x/video/9e64391ce38142ba9845e1d081148d64,13457568,NA,audit,NA,NA
31,openassessment,UBCx/PSYC.1x/openassessment/3c42ade24d804609b2fe3717f49eca9a,13366096,f,verified,NA,NA
32,video,UBCx/PSYC.1x/video/7d3b917ffec34f4db19a4e20aebfb421,12812919,f,audit,NA,NA
33,problem,UBCx/PSYC.1x/problem/31f9a2f4549d4be3ae2d4265f506afd1,12812919,f,audit,NA,NA
34,problem,UBCx/PSYC.1x/problem/45a6e03157164c36a6c30bbb10f8ae08,12812919,f,audit,NA,NA
35,problem,UBCx/PSYC.1x/problem/35e0a1a76d4045f7b01f1cd2fe7a0bbc,12812919,f,audit,NA,NA
36,problem,UBCx/PSYC.1x/problem/faaa958144254ec9b87891b995ab0c33,12812919,f,audit,NA,NA
37,problem,UBCx/PSYC.1x/problem/c0e803770a6f4934bbbcbf6eb0c1294a,12812919,f,audit,NA,NA
38,problem,UBCx/PSYC.1x/problem/4f77726de2fb45b794ab9227b08b042c,12812919,f,audit,NA,NA
39,problem,UBCx/PSYC.1x/problem/1a97abc9d0f94151a01a0ae7274c45ea,12812919,f,audit,NA,NA
40,problem,UBCx/PSYC.1x/problem/5066a67f8a1a4da88742d2a1aac1e4c9,12812919,f,audit,NA,NA
41,problem,UBCx/PSYC.1x/problem/b39bd2749af44322aabb0f0c0ea3f403,12812919,f,audit,NA,NA
42,problem,UBCx/PSYC.1x/problem/742e43ad390a4744b844b5ec4ec92db1,12812919,f,audit,NA,NA
43,problem,UBCx/PSYC.1x/problem/572565c4957b42ebb304dd45300e5a0f,12812919,f,audit,NA,NA
44,problem,UBCx/PSYC.1x/problem/4f6755a00bb4437483595c46eae0e209,12812919,f,audit,NA,NA
45,problem,UBCx/PSYC.1x/problem/eb4fcd69ae4c44eb94201a015aaacfe3,12812919,f,audit,NA,NA
46,problem,UBCx/PSYC.1x/problem/291a2195688d469c9233d0d4fb5f8685,12812919,f,audit,NA,NA
47,problem,UBCx/PSYC.1x/problem/79ccb52a7ae94a3f91fb8f025aaf28f3,12812919,f,audit,NA,NA
48,problem,UBCx/PSYC.1x/problem/f38ad1199c7c415db8c75b47f029d2a0,12812919,f,audit,NA,NA
49,problem,UBCx/PSYC.1x/problem/f781ab20249743d49d1856b66e9e24ed,12812919,f,audit,NA,NA
50,problem,UBCx/PSYC.1x/problem/8de0fae6b4b54edea04dd51a8d6b8029,12812919,f,audit,NA,NA
51,problem,UBCx/PSYC.1x/problem/25b92f21189947718ec239130d863627,12812919,f,audit,NA,NA
52,problem,UBCx/PSYC.1x/problem/43e0eeb50b584882b0ce315e1d02d8a8,12812919,f,audit,NA,NA
53,video,UBCx/PSYC.1x/video/9e64391ce38142ba9845e1d081148d64,13095239,m,audit,217.937777,en
54,video,UBCx/PSYC.1x/video/40f4f14815dc47749f8d2d538406dcf8,12033691,f,audit,42787.915206,en
55,chapter,UBCx/PSYC.1x/chapter/5172164dac324a3f846d193eecd559e0,13305860,NA,audit,NA,NA
56,openassessment,UBCx/PSYC.1x/openassessment/5b120a9929314368bbebcd1e90bcc82c,13366096,f,verified,NA,NA
57,problem,UBCx/PSYC.1x/problem/4dd0ae465f1a4f67be8573e1ab31fe47,13366096,f,verified,NA,NA
58,problem,UBCx/PSYC.1x/problem/6b38af13359e4e8ba89e68ca2181f8a0,13366096,f,verified,NA,NA
59,problem,UBCx/PSYC.1x/problem/7a897de4075b42928193994b1357d585,13366096,f,verified,NA,NA
60,problem,UBCx/PSYC.1x/problem/5c52fd5e18d34a13b3bb0494ee98d248,13366096,f,verified,NA,NA
61,problem,UBCx/PSYC.1x/problem/402c16e359e34812ae224d7390dcd74a,13366096,f,verified,NA,NA
62,problem,UBCx/PSYC.1x/problem/0be37f474312438e95d2fbed69c9f489,13366096,f,verified,NA,NA
63,problem,UBCx/PSYC.1x/problem/7baecc864ba0460f9a94cbdcb932d272,13366096,f,verified,NA,NA
64,problem,UBCx/PSYC.1x/problem/40cc8cfb44204d438b60636caaf65d68,13366096,f,verified,NA,NA
65,problem,UBCx/PSYC.1x/problem/c137cccb17604b6b86d54a07995801da,13366096,f,verified,NA,NA
66,problem,UBCx/PSYC.1x/problem/d6c66ed40ee1466f854ff9741a6b4c93,13366096,f,verified,NA,NA
67,problem,UBCx/PSYC.1x/problem/7337c81147d142c5b54e26566d4314a4,13366096,f,verified,NA,NA
68,problem,UBCx/PSYC.1x/problem/ecead122adac43f498e192904485508e,13366096,f,verified,NA,NA
69,problem,UBCx/PSYC.1x/problem/f420b77c4cd947e19c149bba5df45de3,13366096,f,verified,NA,NA
70,problem,UBCx/PSYC.1x/problem/ad4f0fa60d8a419d9653122ec27205f2,13366096,f,verified,NA,NA
71,problem,UBCx/PSYC.1x/problem/a66b61abe3084a9ab93f2f1dc80d02bc,13366096,f,verified,NA,NA
72,problem,UBCx/PSYC.1x/problem/ea12e7e231dc49e3b666b754ce72ae69,13366096,f,verified,NA,NA
73,problem,UBCx/PSYC.1x/problem/627f13a81ecd47c7a1581f9e05f508c2,13366096,f,verified,NA,NA
74,problem,UBCx/PSYC.1x/problem/d772ce93869943288de400194c90ac99,13366096,f,verified,NA,NA
75,problem,UBCx/PSYC.1x/problem/39e6e8522e634773ac2945e071029394,13366096,f,verified,NA,NA
76,problem,UBCx/PSYC.1x/problem/4b43fa45a24a4fe48122ef47192b7ce2,13366096,f,verified,NA,NA
77,video,UBCx/PSYC.1x/video/3aa13375219f48a091e1b5f759f2d7ea,12033691,f,audit,42787.915206,en
78,chapter,UBCx/PSYC.1x/chapter/2015cee924c3472cb8c3e6ec83b13077,12812919,f,audit,NA,NA
79,chapter,UBCx/PSYC.1x/chapter/4d6255b47eb04127825acb168a27f72d,13366096,f,verified,NA,NA
80,problem,UBCx/PSYC.1x/problem/115118f5229104fce285,13366096,f,verified,NA,NA
81,problem,UBCx/PSYC.1x/problem/0754c7ade04c1e88e847,13366096,f,verified,NA,NA
82,problem,UBCx/PSYC.1x/problem/43e605d97049f224379a,13366096,f,verified,NA,NA
83,problem,UBCx/PSYC.1x/problem/4d4bfe2d3dae1971801f,13366096,f,verified,NA,NA
84,problem,UBCx/PSYC.1x/problem/56d0c7ba733d63c16aab,13366096,f,verified,NA,NA
85,problem,UBCx/PSYC.1x/problem/dc3073914d43e2ee0d14,13366096,f,verified,NA,NA
86,problem,UBCx/PSYC.1x/problem/f1f174a68ac423b4c799,13366096,f,verified,NA,NA
87,problem,UBCx/PSYC.1x/problem/1f4d8d3777ff28bbaab3,13366096,f,verified,NA,NA
88,problem,UBCx/PSYC.1x/problem/9e842cb1c8a04fcaf63d,13366096,f,verified,NA,NA
89,problem,UBCx/PSYC.1x/problem/419fecd289272b6192df,13366096,f,verified,NA,NA
90,problem,UBCx/PSYC.1x/problem/f76b013200a19347d368,13366096,f,verified,NA,NA
91,problem,UBCx/PSYC.1x/problem/e1019a624dc24207305f,13366096,f,verified,NA,NA
92,problem,UBCx/PSYC.1x/problem/0f32fa6cc0eb4af194a8,13366096,f,verified,NA,NA
93,problem,UBCx/PSYC.1x/problem/a7c3b375066a13f99851,13366096,f,verified,NA,NA
94,problem,UBCx/PSYC.1x/problem/1838f818eebf846af9b7,13366096,f,verified,NA,NA
95,problem,UBCx/PSYC.1x/problem/44ed3e0faad46e0c8100,13366096,f,verified,NA,NA
96,problem,UBCx/PSYC.1x/problem/3c94b79443b584f34ee3,13366096,f,verified,NA,NA
97,problem,UBCx/PSYC.1x/problem/4f862e9f96dd1ef0bd1c,13366096,f,verified,NA,NA
98,problem,UBCx/PSYC.1x/problem/1c0d97e2f55f0daf9808,13366096,f,verified,NA,NA
99,problem,UBCx/PSYC.1x/problem/2d9cb90c7a5407ebdffa,13366096,f,verified,NA,NA
100,problem,UBCx/PSYC.1x/problem/a59621e9349a33f641ad,13366096,f,verified,NA,NA
101,problem,UBCx/PSYC.1x/problem/69d98bd7ff22b6c718ca,13366096,f,verified,NA,NA
102,problem,UBCx/PSYC.1x/problem/30d5c9b2c33eff554db2,13366096,f,verified,NA,NA
103,problem,UBCx/PSYC.1x/problem/c9acda6daeeb2f71b20b,13366096,f,verified,NA,NA
104,problem,UBCx/PSYC.1x/problem/db16270247300a740b1d,13366096,f,verified,NA,NA
105,problem,UBCx/PSYC.1x/problem/a66fcae479cafff028d2,13366096,f,verified,NA,NA
106,problem,UBCx/PSYC.1x/problem/0ba0fbe652b702053579,13366096,f,verified,NA,NA
107,problem,UBCx/PSYC.1x/problem/5a2f654daf5f3d76c0aa,13366096,f,verified,NA,NA
108,problem,UBCx/PSYC.1x/problem/5c4f35936f152ecd0783,13366096,f,verified,NA,NA
109,problem,UBCx/PSYC.1x/problem/bdebcc2a328966c76fca,13366096,f,verified,NA,NA
110,problem,UBCx/PSYC.1x/problem/4ec7e722c23256ecb1a2,13366096,f,verified,NA,NA
111,problem,UBCx/PSYC.1x/problem/932ead15e88dfd079f14,13366096,f,verified,NA,NA
112,problem,UBCx/PSYC.1x/problem/43624c9f5550ad13f705,13366096,f,verified,NA,NA
113,problem,UBCx/PSYC.1x/problem/9f60c162282d48f20265,13366096,f,verified,NA,NA
114,problem,UBCx/PSYC.1x/problem/3c73dd91d50814e3c01a,13366096,f,verified,NA,NA
115,problem,UBCx/PSYC.1x/problem/bc5f8f514d6b9f4c3775,13366096,f,verified,NA,NA
116,problem,UBCx/PSYC.1x/problem/cad64e3c306db5478c81,13366096,f,verified,NA,NA
117,problem,UBCx/PSYC.1x/problem/9f52c1a07ef0621225ab,13366096,f,verified,NA,NA
118,problem,UBCx/PSYC.1x/problem/681af256a49c5e383f9f,13366096,f,verified,NA,NA
119,problem,UBCx/PSYC.1x/problem/b575fba54595c6b11ffa,13366096,f,verified,NA,NA
120,problem,UBCx/PSYC.1x/problem/17f7e57a726d04f7f8f5,13366096,f,verified,NA,NA
121,problem,UBCx/PSYC.1x/problem/8e409953a6a09a37c183,13366096,f,verified,NA,NA
122,problem,UBCx/PSYC.1x/problem/b0fc504754d7b0aef64c,13366096,f,verified,NA,NA
123,problem,UBCx/PSYC.1x/problem/dae216787ef495f8be4c,13366096,f,verified,NA,NA
124,problem,UBCx/PSYC.1x/problem/aaccf295880dfbea5aed,13366096,f,verified,NA,NA
125,problem,UBCx/PSYC.1x/problem/ba2b02d2223bf26975da,13366096,f,verified,NA,NA
126,problem,UBCx/PSYC.1x/problem/1f70e1d996e63a122158,13366096,f,verified,NA,NA
127,problem,UBCx/PSYC.1x/problem/af6c297d9a5cbf9d8bd4,13366096,f,verified,NA,NA
128,problem,UBCx/PSYC.1x/problem/1f6ec9fc0a75e3027e82,13366096,f,verified,NA,NA
129,problem,UBCx/PSYC.1x/problem/946c079161d38dd78a36,13366096,f,verified,NA,NA
130,problem,UBCx/PSYC.1x/problem/4b19246b07032f2c709b,13366096,f,verified,NA,NA
131,problem,UBCx/PSYC.1x/problem/b14b4d02091c6166a13f,13366096,f,verified,NA,NA
132,problem,UBCx/PSYC.1x/problem/2a3c60df58e5ef2021ae,13366096,f,verified,NA,NA
133,problem,UBCx/PSYC.1x/problem/261f8db2acfac41802bf,13366096,f,verified,NA,NA
134,problem,UBCx/PSYC.1x/problem/5c1e8b1090cf55569923,13366096,f,verified,NA,NA
135,problem,UBCx/PSYC.1x/problem/587df9115f1eff6d462a,13366096,f,verified,NA,NA
136,problem,UBCx/PSYC.1x/problem/deb424e1ca025b50ae41,13366096,f,verified,NA,NA
137,problem,UBCx/PSYC.1x/problem/c943bd6d1afac2eab8fc,13366096,f,verified,NA,NA
138,problem,UBCx/PSYC.1x/problem/b1382660263529066c4f,13366096,f,verified,NA,NA
139,problem,UBCx/PSYC.1x/problem/f411e55748ce511ab47b,13366096,f,verified,NA,NA
140,problem,UBCx/PSYC.1x/problem/639e7af227335b7ca913,13366096,f,verified,NA,NA
141,problem,UBCx/PSYC.1x/problem/0ec7d6dec3b095416988,13366096,f,verified,NA,NA
142,problem,UBCx/PSYC.1x/problem/11a6e1d23f4b39a45223,13366096,f,verified,NA,NA
143,problem,UBCx/PSYC.1x/problem/dc80536941674b15465c,13366096,f,verified,NA,NA
144,problem,UBCx/PSYC.1x/problem/0d0d391959bb5f02d90e,13366096,f,verified,NA,NA
145,problem,UBCx/PSYC.1x/problem/605c99b86c9a2d2dfb9d,13366096,f,verified,NA,NA
146,problem,UBCx/PSYC.1x/problem/546c29fc31522e614399,13366096,f,verified,NA,NA
147,problem,UBCx/PSYC.1x/problem/911a5818e4034c0bcf00,13366096,f,verified,NA,NA
148,problem,UBCx/PSYC.1x/problem/eaaaa8bcb878b2d6a7bd,13366096,f,verified,NA,NA
149,problem,UBCx/PSYC.1x/problem/7e055dddfdda3cc551ba,13366096,f,verified,NA,NA
150,problem,UBCx/PSYC.1x/problem/2f5538b3a3578c56f0fc,13366096,f,verified,NA,NA
151,problem,UBCx/PSYC.1x/problem/84dcc6da7f39aa74db16,13366096,f,verified,NA,NA
152,problem,UBCx/PSYC.1x/problem/845d0f92fb35c2f0d299,13366096,f,verified,NA,NA
153,problem,UBCx/PSYC.1x/problem/baafe55ff16a17c7378d,13366096,f,verified,NA,NA
154,problem,UBCx/PSYC.1x/problem/6e84cd05c07eb839d851,13366096,f,verified,NA,NA
155,problem,UBCx/PSYC.1x/problem/530d0d9a101b4209f595,13366096,f,verified,NA,NA
156,problem,UBCx/PSYC.1x/problem/376480448ca9a47a4cf1,13366096,f,verified,NA,NA
157,problem,UBCx/PSYC.1x/problem/a172c0b816db1d5ed33e,13366096,f,verified,NA,NA
158,problem,UBCx/PSYC.1x/problem/4582f87f38486872c7da,13366096,f,verified,NA,NA
159,problem,UBCx/PSYC.1x/problem/1274a2142f067746aaac,13366096,f,verified,NA,NA
160,problem,UBCx/PSYC.1x/problem/8ab7f043c2a4da8a2512,13366096,f,verified,NA,NA
161,problem,UBCx/PSYC.1x/problem/4f468753c50ac81c6a6a,13366096,f,verified,NA,NA
162,problem,UBCx/PSYC.1x/problem/b87cc81424c771e5570a,13366096,f,verified,NA,NA
163,problem,UBCx/PSYC.1x/problem/0f5df1cfcd5614b2fbf3,13366096,f,verified,NA,NA
164,problem,UBCx/PSYC.1x/problem/844ac22e57067a9025ee,13366096,f,verified,NA,NA
165,problem,UBCx/PSYC.1x/problem/1d879f9eb127ac93ee41,13366096,f,verified,NA,NA
166,problem,UBCx/PSYC.1x/problem/6488f978144d18f45c44,13366096,f,verified,NA,NA
167,problem,UBCx/PSYC.1x/problem/ec2ddc960b497b79e5a9,13366096,f,verified,NA,NA
168,problem,UBCx/PSYC.1x/problem/d64a085c867d58fa4f0d,13366096,f,verified,NA,NA
169,problem,UBCx/PSYC.1x/problem/5ccc7f1fd9fed2433b64,13366096,f,verified,NA,NA
170,problem,UBCx/PSYC.1x/problem/53aa2802e0a038d95b39,13366096,f,verified,NA,NA
171,problem,UBCx/PSYC.1x/problem/e92f477a9618351b3437,13366096,f,verified,NA,NA
172,problem,UBCx/PSYC.1x/problem/caf0ac15c61f11a5a6e2,13366096,f,verified,NA,NA
173,problem,UBCx/PSYC.1x/problem/4791724ceb4582768394,13366096,f,verified,NA,NA
174,problem,UBCx/PSYC.1x/problem/fb612358ae741fdee82e,13366096,f,verified,NA,NA
175,problem,UBCx/PSYC.1x/problem/ab12f12b7e29a35d690c,13366096,f,verified,NA,NA
176,problem,UBCx/PSYC.1x/problem/5e5c0733412f1899bb82,13366096,f,verified,NA,NA
177,problem,UBCx/PSYC.1x/problem/fd0ab36a1c81e62e1b7e,13366096,f,verified,NA,NA
178,problem,UBCx/PSYC.1x/problem/09ad235fc354fcf48109,13366096,f,verified,NA,NA
179,problem,UBCx/PSYC.1x/problem/3ffca98ad4d6d1ad037b,13366096,f,verified,NA,NA
180,chapter,UBCx/PSYC.1x/chapter/5172164dac324a3f846d193eecd559e0,3187237,NA,audit,NA,NA
181,openassessment,UBCx/PSYC.1x/openassessment/06ccb4a9c0204159bb176fac6fe95bf0,8465667,f,audit,NA,NA
182,problem,UBCx/PSYC.1x/problem/9d7f5c88ed7e434a9fe75eecae8e751a,8465667,f,audit,NA,NA
183,problem,UBCx/PSYC.1x/problem/75ef65eedc5c42ac9438d166e7d02094,8465667,f,audit,NA,NA
184,problem,UBCx/PSYC.1x/problem/2dd00ccca3e54bfe9aa0b8226a7cf91c,8465667,f,audit,NA,NA
185,problem,UBCx/PSYC.1x/problem/1733ae06aefb4775ab4d40ccf33f8481,8465667,f,audit,NA,NA
186,problem,UBCx/PSYC.1x/problem/c29b1f4056e643eab4bf6fd2527b69da,8465667,f,audit,NA,NA
187,problem,UBCx/PSYC.1x/problem/ebff357f22a84ab384b1266316a9abc5,8465667,f,audit,NA,NA
188,problem,UBCx/PSYC.1x/problem/51964721551844f2a3400e7dfb9c1826,8465667,f,audit,NA,NA
189,problem,UBCx/PSYC.1x/problem/0ca06c99f6cf43858db313496b24c875,8465667,f,audit,NA,NA
190,problem,UBCx/PSYC.1x/problem/a323131e4b324b22ae63a344c38db126,8465667,f,audit,NA,NA
191,problem,UBCx/PSYC.1x/problem/267037334246477292de19f39d794524,8465667,f,audit,NA,NA
192,problem,UBCx/PSYC.1x/problem/d08e4646b5624e9c8e433d25e140c66a,8465667,f,audit,NA,NA
193,problem,UBCx/PSYC.1x/problem/1f73f3c8545a4659a6e83cc146630a37,8465667,f,audit,NA,NA
194,problem,UBCx/PSYC.1x/problem/34ebb12934e24b6d8d9b7d14c40106b6,8465667,f,audit,NA,NA
195,problem,UBCx/PSYC.1x/problem/b0b325b440ef4c6e88864dd54392762a,8465667,f,audit,NA,NA
196,problem,UBCx/PSYC.1x/problem/e5340cd3b1a64bc7915a66544160451e,8465667,f,audit,NA,NA
197,problem,UBCx/PSYC.1x/problem/ca0f13b50da34458b9b0c6b208a010cc,8465667,f,audit,NA,NA
198,problem,UBCx/PSYC.1x/problem/88b82dbd63d945719f54581fbc5312f6,8465667,f,audit,NA,NA
199,problem,UBCx/PSYC.1x/problem/b3adf9d01467414e8c7f478a03f584a8,8465667,f,audit,NA,NA
200,problem,UBCx/PSYC.1x/problem/dda39c28dabc49d58c67114da0f5ebe1,8465667,f,audit,NA,NA
201,problem,UBCx/PSYC.1x/problem/b63c5c6923fc470c891c5d25208e45f5,8465667,f,audit,NA,NA
202,problem,UBCx/PSYC.1x/problem/d40db0d31b2d4b0c9e6fdc9df09dc7a1,8465667,f,audit,NA,NA
203,problem,UBCx/PSYC.1x/problem/c2ad9ad9a5ee4f428bcd6a5fe76f8261,8465667,f,audit,NA,NA
204,problem,UBCx/PSYC.1x/problem/4db23d5cb84f47bfa7e13e52922beb04,8465667,f,audit,NA,NA
205,problem,UBCx/PSYC.1x/problem/76af263f2f524503a8935d766cad5bdf,8465667,f,audit,NA,NA
206,problem,UBCx/PSYC.1x/problem/a81ceca3e4d14b1a944909ba6829d843,8465667,f,audit,NA,NA
207,problem,UBCx/PSYC.1x/problem/f2446117089a48d3a0d05f51d377bb3e,8465667,f,audit,NA,NA
208,problem,UBCx/PSYC.1x/problem/1037a288113c44c28e8fdfecf4b02bd3,8465667,f,audit,NA,NA
209,problem,UBCx/PSYC.1x/problem/1fd710ddfc044ba18719367c8b45370e,8465667,f,audit,NA,NA
210,video,UBCx/PSYC.1x/video/dec5f7321e38481a9cdaba33dc06f070,2528509,m,audit,1581.146606,en
211,video,UBCx/PSYC.1x/video/da7fa03c3dec4d1f9c4ad3f2e92cf4e8,8465667,f,audit,NA,NA
212,chapter,UBCx/PSYC.1x/chapter/5172164dac324a3f846d193eecd559e0,13687970,o,audit,NA,NA
213,chapter,UBCx/PSYC.1x/chapter/9343693e210b4e8ca7c0482fdc166d27,13687970,o,audit,NA,NA
214,chapter,UBCx/PSYC.1x/chapter/5172164dac324a3f846d193eecd559e0,5370738,m,audit,NA,NA
215,problem,UBCx/PSYC.1x/problem/31f9a2f4549d4be3ae2d4265f506afd1,8917568,f,audit,NA,NA
216,problem,UBCx/PSYC.1x/problem/45a6e03157164c36a6c30bbb10f8ae08,8917568,f,audit,NA,NA
217,problem,UBCx/PSYC.1x/problem/35e0a1a76d4045f7b01f1cd2fe7a0bbc,8917568,f,audit,NA,NA
218,problem,UBCx/PSYC.1x/problem/faaa958144254ec9b87891b995ab0c33,8917568,f,audit,NA,NA
219,problem,UBCx/PSYC.1x/problem/c0e803770a6f4934bbbcbf6eb0c1294a,8917568,f,audit,NA,NA
220,problem,UBCx/PSYC.1x/problem/4f77726de2fb45b794ab9227b08b042c,8917568,f,audit,NA,NA
221,problem,UBCx/PSYC.1x/problem/1a97abc9d0f94151a01a0ae7274c45ea,8917568,f,audit,NA,NA
222,problem,UBCx/PSYC.1x/problem/5066a67f8a1a4da88742d2a1aac1e4c9,8917568,f,audit,NA,NA
223,problem,UBCx/PSYC.1x/problem/b39bd2749af44322aabb0f0c0ea3f403,8917568,f,audit,NA,NA
224,problem,UBCx/PSYC.1x/problem/742e43ad390a4744b844b5ec4ec92db1,8917568,f,audit,NA,NA
225,problem,UBCx/PSYC.1x/problem/572565c4957b42ebb304dd45300e5a0f,8917568,f,audit,NA,NA
226,problem,UBCx/PSYC.1x/problem/4f6755a00bb4437483595c46eae0e209,8917568,f,audit,NA,NA
227,problem,UBCx/PSYC.1x/problem/eb4fcd69ae4c44eb94201a015aaacfe3,8917568,f,audit,NA,NA
228,problem,UBCx/PSYC.1x/problem/291a2195688d469c9233d0d4fb5f8685,8917568,f,audit,NA,NA
229,problem,UBCx/PSYC.1x/problem/79ccb52a7ae94a3f91fb8f025aaf28f3,8917568,f,audit,NA,NA
230,problem,UBCx/PSYC.1x/problem/f38ad1199c7c415db8c75b47f029d2a0,8917568,f,audit,NA,NA
231,problem,UBCx/PSYC.1x/problem/f781ab20249743d49d1856b66e9e24ed,8917568,f,audit,NA,NA
232,problem,UBCx/PSYC.1x/problem/8de0fae6b4b54edea04dd51a8d6b8029,8917568,f,audit,NA,NA
233,problem,UBCx/PSYC.1x/problem/25b92f21189947718ec239130d863627,8917568,f,audit,NA,NA
234,problem,UBCx/PSYC.1x/problem/43e0eeb50b584882b0ce315e1d02d8a8,8917568,f,audit,NA,NA
235,chapter,UBCx/PSYC.1x/chapter/2015cee924c3472cb8c3e6ec83b13077,8917568,f,audit,NA,NA
236,chapter,UBCx/PSYC.1x/chapter/5172164dac324a3f846d193eecd559e0,10728321,m,audit,NA,NA
237,video,UBCx/PSYC.1x/video/e89cd2f7f95a4d5f90f39d03ddab2796,13340806,f,audit,10142.929011,en
238,chapter,UBCx/PSYC.1x/chapter/9343693e210b4e8ca7c0482fdc166d27,10728321,m,audit,NA,NA
239,chapter,UBCx/PSYC.1x/chapter/5172164dac324a3f846d193eecd559e0,448104,m,audit,NA,NA
240,chapter,UBCx/PSYC.1x/chapter/9343693e210b4e8ca7c0482fdc166d27,448104,m,audit,NA,NA
241,video,UBCx/PSYC.1x/video/9e64391ce38142ba9845e1d081148d64,448104,m,audit,NA,NA
242,problem,UBCx/PSYC.1x/problem/4aebf076c528407a94dbbd65ee0531e5,9091683,f,audit,485.904701,en
243,problem,UBCx/PSYC.1x/problem/acdd0a2e377443258167e4c7d507b971,9091683,f,audit,485.904701,en
244,problem,UBCx/PSYC.1x/problem/ded6719b95fb4da6a2ce8be5cebbfc65,9091683,f,audit,485.904701,en
245,openassessment,UBCx/PSYC.1x/openassessment/1c21ffed8ac64b58a185e2b40697e570,13340806,f,audit,10142.929011,en
246,openassessment,UBCx/PSYC.1x/openassessment/06ccb4a9c0204159bb176fac6fe95bf0,13340806,f,audit,10142.929011,en
247,problem,UBCx/PSYC.1x/problem/9d7f5c88ed7e434a9fe75eecae8e751a,13340806,f,audit,10142.929011,en
248,problem,UBCx/PSYC.1x/problem/75ef65eedc5c42ac9438d166e7d02094,13340806,f,audit,10142.929011,en
249,problem,UBCx/PSYC.1x/problem/2dd00ccca3e54bfe9aa0b8226a7cf91c,13340806,f,audit,10142.929011,en
250,problem,UBCx/PSYC.1x/problem/1733ae06aefb4775ab4d40ccf33f8481,13340806,f,audit,10142.929011,en
251,problem,UBCx/PSYC.1x/problem/c29b1f4056e643eab4bf6fd2527b69da,13340806,f,audit,10142.929011,en
252,problem,UBCx/PSYC.1x/problem/ebff357f22a84ab384b1266316a9abc5,13340806,f,audit,10142.929011,en
253,problem,UBCx/PSYC.1x/problem/51964721551844f2a3400e7dfb9c1826,13340806,f,audit,10142.929011,en
254,problem,UBCx/PSYC.1x/problem/0ca06c99f6cf43858db313496b24c875,13340806,f,audit,10142.929011,en
255,problem,UBCx/PSYC.1x/problem/a323131e4b324b22ae63a344c38db126,13340806,f,audit,10142.929011,en
256,problem,UBCx/PSYC.1x/problem/267037334246477292de19f39d794524,13340806,f,audit,10142.929011,en
257,problem,UBCx/PSYC.1x/problem/d08e4646b5624e9c8e433d25e140c66a,13340806,f,audit,10142.929011,en
258,problem,UBCx/PSYC.1x/problem/1f73f3c8545a4659a6e83cc146630a37,13340806,f,audit,10142.929011,en
259,problem,UBCx/PSYC.1x/problem/34ebb12934e24b6d8d9b7d14c40106b6,13340806,f,audit,10142.929011,en
260,problem,UBCx/PSYC.1x/problem/b0b325b440ef4c6e88864dd54392762a,13340806,f,audit,10142.929011,en
261,problem,UBCx/PSYC.1x/problem/e5340cd3b1a64bc7915a66544160451e,13340806,f,audit,10142.929011,en
262,problem,UBCx/PSYC.1x/problem/ca0f13b50da34458b9b0c6b208a010cc,13340806,f,audit,10142.929011,en
263,problem,UBCx/PSYC.1x/problem/88b82dbd63d945719f54581fbc5312f6,13340806,f,audit,10142.929011,en
264,problem,UBCx/PSYC.1x/problem/b3adf9d01467414e8c7f478a03f584a8,13340806,f,audit,10142.929011,en
265,problem,UBCx/PSYC.1x/problem/dda39c28dabc49d58c67114da0f5ebe1,13340806,f,audit,10142.929011,en
266,problem,UBCx/PSYC.1x/problem/b63c5c6923fc470c891c5d25208e45f5,13340806,f,audit,10142.929011,en
267,problem,UBCx/PSYC.1x/problem/31f9a2f4549d4be3ae2d4265f506afd1,9091683,f,audit,485.904701,en
268,problem,UBCx/PSYC.1x/problem/45a6e03157164c36a6c30bbb10f8ae08,9091683,f,audit,485.904701,en
269,problem,UBCx/PSYC.1x/problem/35e0a1a76d4045f7b01f1cd2fe7a0bbc,9091683,f,audit,485.904701,en
270,problem,UBCx/PSYC.1x/problem/faaa958144254ec9b87891b995ab0c33,9091683,f,audit,485.904701,en
271,problem,UBCx/PSYC.1x/problem/c0e803770a6f4934bbbcbf6eb0c1294a,9091683,f,audit,485.904701,en
272,problem,UBCx/PSYC.1x/problem/4f77726de2fb45b794ab9227b08b042c,9091683,f,audit,485.904701,en
273,problem,UBCx/PSYC.1x/problem/1a97abc9d0f94151a01a0ae7274c45ea,9091683,f,audit,485.904701,en
274,problem,UBCx/PSYC.1x/problem/5066a67f8a1a4da88742d2a1aac1e4c9,9091683,f,audit,485.904701,en
275,problem,UBCx/PSYC.1x/problem/b39bd2749af44322aabb0f0c0ea3f403,9091683,f,audit,485.904701,en
276,problem,UBCx/PSYC.1x/problem/742e43ad390a4744b844b5ec4ec92db1,9091683,f,audit,485.904701,en
277,problem,UBCx/PSYC.1x/problem/572565c4957b42ebb304dd45300e5a0f,9091683,f,audit,485.904701,en
278,problem,UBCx/PSYC.1x/problem/4f6755a00bb4437483595c46eae0e209,9091683,f,audit,485.904701,en
279,problem,UBCx/PSYC.1x/problem/eb4fcd69ae4c44eb94201a015aaacfe3,9091683,f,audit,485.904701,en
280,problem,UBCx/PSYC.1x/problem/291a2195688d469c9233d0d4fb5f8685,9091683,f,audit,485.904701,en
281,problem,UBCx/PSYC.1x/problem/79ccb52a7ae94a3f91fb8f025aaf28f3,9091683,f,audit,485.904701,en
282,problem,UBCx/PSYC.1x/problem/f38ad1199c7c415db8c75b47f029d2a0,9091683,f,audit,485.904701,en
283,problem,UBCx/PSYC.1x/problem/f781ab20249743d49d1856b66e9e24ed,9091683,f,audit,485.904701,en
284,problem,UBCx/PSYC.1x/problem/8de0fae6b4b54edea04dd51a8d6b8029,9091683,f,audit,485.904701,en
285,problem,UBCx/PSYC.1x/problem/25b92f21189947718ec239130d863627,9091683,f,audit,485.904701,en
286,problem,UBCx/PSYC.1x/problem/43e0eeb50b584882b0ce315e1d02d8a8,9091683,f,audit,485.904701,en
287,video,UBCx/PSYC.1x/video/b3cd46192a2441db9c42822a655f6b01,4890431,m,audit,NA,NA
288,chapter,UBCx/PSYC.1x/chapter/5172164dac324a3f846d193eecd559e0,2259709,f,audit,NA,NA
289,video,UBCx/PSYC.1x/video/da7fa03c3dec4d1f9c4ad3f2e92cf4e8,4890431,m,audit,NA,NA
290,chapter,UBCx/PSYC.1x/chapter/5172164dac324a3f846d193eecd559e0,13757337,f,audit,NA,en
291,chapter,UBCx/PSYC.1x/chapter/9343693e210b4e8ca7c0482fdc166d27,13757337,f,audit,NA,en
292,chapter,UBCx/PSYC.1x/chapter/2015cee924c3472cb8c3e6ec83b13077,9091683,f,audit,485.904701,en
293,video,UBCx/PSYC.1x/video/87705fd28fcf403f9c877a4df5ec1d05,13757337,f,audit,NA,en
294,video,UBCx/PSYC.1x/video/5820f0a88345476795333b2318d05bac,4890431,m,audit,NA,NA
295,video,UBCx/PSYC.1x/video/21e540d0301240cb83adb3fad1831ed0,4890431,m,audit,NA,NA
296,chapter,UBCx/PSYC.1x/chapter/9343693e210b4e8ca7c0482fdc166d27,2259709,f,audit,NA,NA
297,chapter,UBCx/PSYC.1x/chapter/c080216c47394f9591d9b36683747441,13340806,f,audit,10142.929011,en
298,video,UBCx/PSYC.1x/video/9e64391ce38142ba9845e1d081148d64,2259709,f,audit,NA,NA
299,problem,UBCx/PSYC.1x/problem/09559307b70f4ffc8ff15888b7f1e47f,2259709,f,audit,NA,NA
300,problem,UBCx/PSYC.1x/problem/b6235e3f67e34687a00a345e0a252f1e,2259709,f,audit,NA,NA
301,problem,UBCx/PSYC.1x/problem/16bd6ccbff27417aa222b513195c7778,2259709,f,audit,NA,NA
302,problem,UBCx/PSYC.1x/problem/2843558682a64e87aff61dab0700b2bc,2259709,f,audit,NA,NA
303,problem,UBCx/PSYC.1x/problem/46b0f75ce41940969111276b59b1a1a6,2259709,f,audit,NA,NA
304,problem,UBCx/PSYC.1x/problem/02574e7c0e714d4aa3b8da05c30f9e85,2259709,f,audit,NA,NA
305,problem,UBCx/PSYC.1x/problem/fce85234a96648cdbc44c3c2332eb683,2259709,f,audit,NA,NA
306,problem,UBCx/PSYC.1x/problem/21611b5817df49a4a0a8d7b61ce06700,2259709,f,audit,NA,NA
307,problem,UBCx/PSYC.1x/problem/d43edb87174d431b8fdd1c4b6ae518b4,2259709,f,audit,NA,NA
308,problem,UBCx/PSYC.1x/problem/47df020b76954426a6e2533c439282ff,2259709,f,audit,NA,NA
309,video,UBCx/PSYC.1x/video/55be59be4a7244249699f82ac7e438d6,13340806,f,audit,10142.929011,en
310,chapter,UBCx/PSYC.1x/chapter/c080216c47394f9591d9b36683747441,4890431,m,audit,NA,NA
311,video,UBCx/PSYC.1x/video/3ad2be4a6ea340f1bf31e746912b290e,11648698,m,verified,14622.498599,en
312,problem,UBCx/PSYC.1x/problem/c485d48ff609440697cae44eb1d5c611,13340806,f,audit,10142.929011,en
313,problem,UBCx/PSYC.1x/problem/cfc9335cd594445a94d7f9441920490a,13340806,f,audit,10142.929011,en
314,problem,UBCx/PSYC.1x/problem/42788669da09492fb92d6bbf41d90cca,13340806,f,audit,10142.929011,en
315,video,UBCx/PSYC.1x/video/6d747a28b1004a2e99d67a36e368b607,13340806,f,audit,10142.929011,en
316,problem,UBCx/PSYC.1x/problem/217ce21b0a914812a4f3ac4a6ec813f1,11648698,m,verified,14622.498599,en
317,problem,UBCx/PSYC.1x/problem/813a6656051a46be98abc4d97b4e9b34,11648698,m,verified,14622.498599,en
318,problem,UBCx/PSYC.1x/problem/18d8f9b3a2624382b86e069660c78d7e,11648698,m,verified,14622.498599,en
319,problem,UBCx/PSYC.1x/problem/60626d3f75914df882d6b9c151635e3b,11648698,m,verified,14622.498599,en
320,problem,UBCx/PSYC.1x/problem/1303ec736e2d42a9ba8015114b7b2627,11648698,m,verified,14622.498599,en
321,problem,UBCx/PSYC.1x/problem/0c529eb254cb46189013581d9266c2cf,11648698,m,verified,14622.498599,en
322,problem,UBCx/PSYC.1x/problem/adee3da770554085a33c8e963fc5db5f,11648698,m,verified,14622.498599,en
323,problem,UBCx/PSYC.1x/problem/f150cbb3ffec4cecb4b489e5ef861697,11648698,m,verified,14622.498599,en
324,problem,UBCx/PSYC.1x/problem/0c9d227d06b245e5b8bbd7c44e90cbc4,11648698,m,verified,14622.498599,en
325,problem,UBCx/PSYC.1x/problem/806ab9433a824f5ea227fccb8970289e,11648698,m,verified,14622.498599,en
326,video,UBCx/PSYC.1x/video/e89cd2f7f95a4d5f90f39d03ddab2796,13689578,m,audit,1371.20274,en
327,problem,UBCx/PSYC.1x/problem/9d7f5c88ed7e434a9fe75eecae8e751a,2259709,f,audit,NA,NA
328,problem,UBCx/PSYC.1x/problem/75ef65eedc5c42ac9438d166e7d02094,2259709,f,audit,NA,NA
329,problem,UBCx/PSYC.1x/problem/2dd00ccca3e54bfe9aa0b8226a7cf91c,2259709,f,audit,NA,NA
330,problem,UBCx/PSYC.1x/problem/1733ae06aefb4775ab4d40ccf33f8481,2259709,f,audit,NA,NA
331,problem,UBCx/PSYC.1x/problem/c29b1f4056e643eab4bf6fd2527b69da,2259709,f,audit,NA,NA
332,problem,UBCx/PSYC.1x/problem/ebff357f22a84ab384b1266316a9abc5,2259709,f,audit,NA,NA
333,problem,UBCx/PSYC.1x/problem/51964721551844f2a3400e7dfb9c1826,2259709,f,audit,NA,NA
334,problem,UBCx/PSYC.1x/problem/0ca06c99f6cf43858db313496b24c875,2259709,f,audit,NA,NA
335,problem,UBCx/PSYC.1x/problem/a323131e4b324b22ae63a344c38db126,2259709,f,audit,NA,NA
336,problem,UBCx/PSYC.1x/problem/267037334246477292de19f39d794524,2259709,f,audit,NA,NA
337,problem,UBCx/PSYC.1x/problem/d08e4646b5624e9c8e433d25e140c66a,2259709,f,audit,NA,NA
338,problem,UBCx/PSYC.1x/problem/1f73f3c8545a4659a6e83cc146630a37,2259709,f,audit,NA,NA
339,problem,UBCx/PSYC.1x/problem/34ebb12934e24b6d8d9b7d14c40106b6,2259709,f,audit,NA,NA
340,problem,UBCx/PSYC.1x/problem/b0b325b440ef4c6e88864dd54392762a,2259709,f,audit,NA,NA
341,problem,UBCx/PSYC.1x/problem/e5340cd3b1a64bc7915a66544160451e,2259709,f,audit,NA,NA
342,problem,UBCx/PSYC.1x/problem/ca0f13b50da34458b9b0c6b208a010cc,2259709,f,audit,NA,NA
343,problem,UBCx/PSYC.1x/problem/88b82dbd63d945719f54581fbc5312f6,2259709,f,audit,NA,NA
344,problem,UBCx/PSYC.1x/problem/b3adf9d01467414e8c7f478a03f584a8,2259709,f,audit,NA,NA
345,problem,UBCx/PSYC.1x/problem/dda39c28dabc49d58c67114da0f5ebe1,2259709,f,audit,NA,NA
346,problem,UBCx/PSYC.1x/problem/b63c5c6923fc470c891c5d25208e45f5,2259709,f,audit,NA,NA
347,problem,UBCx/PSYC.1x/problem/8a9c25a3ffff42a38782b9b06955a3e9,13147071,f,audit,NA,NA
348,chapter,UBCx/PSYC.1x/chapter/4d6255b47eb04127825acb168a27f72d,2259709,f,audit,NA,NA
349,chapter,UBCx/PSYC.1x/chapter/5172164dac324a3f846d193eecd559e0,13757899,f,audit,NA,NA
350,chapter,UBCx/PSYC.1x/chapter/7d40848038a74a5e984cb3f54518eea3,2259709,f,audit,NA,NA
351,chapter,UBCx/PSYC.1x/chapter/5172164dac324a3f846d193eecd559e0,13757794,m,audit,NA,NA
352,problem,UBCx/PSYC.1x/problem/8a9c25a3ffff42a38782b9b06955a3e9,11119836,m,audit,NA,NA
353,problem,UBCx/PSYC.1x/problem/28e2d1e8558f4c138f50622235bb6af7,11119836,m,audit,NA,NA
354,problem,UBCx/PSYC.1x/problem/9377df1d781644248a22b8197e822e2b,11119836,m,audit,NA,NA
355,problem,UBCx/PSYC.1x/problem/8a9c25a3ffff42a38782b9b06955a3e9,13689578,m,audit,1371.20274,en
356,problem,UBCx/PSYC.1x/problem/28e2d1e8558f4c138f50622235bb6af7,13689578,m,audit,1371.20274,en
357,problem,UBCx/PSYC.1x/problem/9377df1d781644248a22b8197e822e2b,13689578,m,audit,1371.20274,en
358,problem,UBCx/PSYC.1x/problem/09559307b70f4ffc8ff15888b7f1e47f,9724879,m,audit,20.262019,NA
359,problem,UBCx/PSYC.1x/problem/b6235e3f67e34687a00a345e0a252f1e,9724879,m,audit,20.262019,NA
360,problem,UBCx/PSYC.1x/problem/16bd6ccbff27417aa222b513195c7778,9724879,m,audit,20.262019,NA
361,problem,UBCx/PSYC.1x/problem/2843558682a64e87aff61dab0700b2bc,9724879,m,audit,20.262019,NA
362,problem,UBCx/PSYC.1x/problem/46b0f75ce41940969111276b59b1a1a6,9724879,m,audit,20.262019,NA
363,problem,UBCx/PSYC.1x/problem/02574e7c0e714d4aa3b8da05c30f9e85,9724879,m,audit,20.262019,NA
364,problem,UBCx/PSYC.1x/problem/fce85234a96648cdbc44c3c2332eb683,9724879,m,audit,20.262019,NA
365,problem,UBCx/PSYC.1x/problem/21611b5817df49a4a0a8d7b61ce06700,9724879,m,audit,20.262019,NA
366,problem,UBCx/PSYC.1x/problem/d43edb87174d431b8fdd1c4b6ae518b4,9724879,m,audit,20.262019,NA
367,problem,UBCx/PSYC.1x/problem/47df020b76954426a6e2533c439282ff,9724879,m,audit,20.262019,NA
368,problem,UBCx/PSYC.1x/problem/31f9a2f4549d4be3ae2d4265f506afd1,12276981,m,audit,NA,NA
369,problem,UBCx/PSYC.1x/problem/45a6e03157164c36a6c30bbb10f8ae08,12276981,m,audit,NA,NA
370,problem,UBCx/PSYC.1x/problem/35e0a1a76d4045f7b01f1cd2fe7a0bbc,12276981,m,audit,NA,NA
371,problem,UBCx/PSYC.1x/problem/faaa958144254ec9b87891b995ab0c33,12276981,m,audit,NA,NA
372,problem,UBCx/PSYC.1x/problem/c0e803770a6f4934bbbcbf6eb0c1294a,12276981,m,audit,NA,NA
373,problem,UBCx/PSYC.1x/problem/4f77726de2fb45b794ab9227b08b042c,12276981,m,audit,NA,NA
374,problem,UBCx/PSYC.1x/problem/1a97abc9d0f94151a01a0ae7274c45ea,12276981,m,audit,NA,NA
375,problem,UBCx/PSYC.1x/problem/5066a67f8a1a4da88742d2a1aac1e4c9,12276981,m,audit,NA,NA
376,problem,UBCx/PSYC.1x/problem/b39bd2749af44322aabb0f0c0ea3f403,12276981,m,audit,NA,NA
377,problem,UBCx/PSYC.1x/problem/742e43ad390a4744b844b5ec4ec92db1,12276981,m,audit,NA,NA
378,problem,UBCx/PSYC.1x/problem/572565c4957b42ebb304dd45300e5a0f,12276981,m,audit,NA,NA
379,problem,UBCx/PSYC.1x/problem/4f6755a00bb4437483595c46eae0e209,12276981,m,audit,NA,NA
380,problem,UBCx/PSYC.1x/problem/eb4fcd69ae4c44eb94201a015aaacfe3,12276981,m,audit,NA,NA
381,problem,UBCx/PSYC.1x/problem/291a2195688d469c9233d0d4fb5f8685,12276981,m,audit,NA,NA
382,problem,UBCx/PSYC.1x/problem/79ccb52a7ae94a3f91fb8f025aaf28f3,12276981,m,audit,NA,NA
383,problem,UBCx/PSYC.1x/problem/f38ad1199c7c415db8c75b47f029d2a0,12276981,m,audit,NA,NA
384,problem,UBCx/PSYC.1x/problem/f781ab20249743d49d1856b66e9e24ed,12276981,m,audit,NA,NA
385,problem,UBCx/PSYC.1x/problem/8de0fae6b4b54edea04dd51a8d6b8029,12276981,m,audit,NA,NA
386,problem,UBCx/PSYC.1x/problem/25b92f21189947718ec239130d863627,12276981,m,audit,NA,NA
387,problem,UBCx/PSYC.1x/problem/43e0eeb50b584882b0ce315e1d02d8a8,12276981,m,audit,NA,NA
388,chapter,UBCx/PSYC.1x/chapter/5172164dac324a3f846d193eecd559e0,13758097,f,audit,NA,NA
389,chapter,UBCx/PSYC.1x/chapter/9343693e210b4e8ca7c0482fdc166d27,13757899,f,audit,NA,NA
390,video,UBCx/PSYC.1x/video/9e64391ce38142ba9845e1d081148d64,13757899,f,audit,NA,NA
391,chapter,UBCx/PSYC.1x/chapter/5172164dac324a3f846d193eecd559e0,2334472,f,audit,NA,NA
392,chapter,UBCx/PSYC.1x/chapter/9343693e210b4e8ca7c0482fdc166d27,2334472,f,audit,NA,NA
393,problem,UBCx/PSYC.1x/problem/09559307b70f4ffc8ff15888b7f1e47f,2334472,f,audit,NA,NA
394,problem,UBCx/PSYC.1x/problem/b6235e3f67e34687a00a345e0a252f1e,2334472,f,audit,NA,NA
395,problem,UBCx/PSYC.1x/problem/16bd6ccbff27417aa222b513195c7778,2334472,f,audit,NA,NA
396,problem,UBCx/PSYC.1x/problem/2843558682a64e87aff61dab0700b2bc,2334472,f,audit,NA,NA
397,problem,UBCx/PSYC.1x/problem/46b0f75ce41940969111276b59b1a1a6,2334472,f,audit,NA,NA
398,problem,UBCx/PSYC.1x/problem/02574e7c0e714d4aa3b8da05c30f9e85,2334472,f,audit,NA,NA
399,problem,UBCx/PSYC.1x/problem/fce85234a96648cdbc44c3c2332eb683,2334472,f,audit,NA,NA
400,problem,UBCx/PSYC.1x/problem/21611b5817df49a4a0a8d7b61ce06700,2334472,f,audit,NA,NA
401,problem,UBCx/PSYC.1x/problem/d43edb87174d431b8fdd1c4b6ae518b4,2334472,f,audit,NA,NA
402,problem,UBCx/PSYC.1x/problem/47df020b76954426a6e2533c439282ff,2334472,f,audit,NA,NA
403,video,UBCx/PSYC.1x/video/8834de240b21430898fd831c99f254d7,11594227,o,audit,133157.596512,en
404,chapter,UBCx/PSYC.1x/chapter/2015cee924c3472cb8c3e6ec83b13077,12276981,m,audit,NA,NA
405,problem,UBCx/PSYC.1x/problem/217ce21b0a914812a4f3ac4a6ec813f1,12276981,m,audit,NA,NA
406,problem,UBCx/PSYC.1x/problem/813a6656051a46be98abc4d97b4e9b34,12276981,m,audit,NA,NA
407,problem,UBCx/PSYC.1x/problem/18d8f9b3a2624382b86e069660c78d7e,12276981,m,audit,NA,NA
408,problem,UBCx/PSYC.1x/problem/60626d3f75914df882d6b9c151635e3b,12276981,m,audit,NA,NA
409,problem,UBCx/PSYC.1x/problem/1303ec736e2d42a9ba8015114b7b2627,12276981,m,audit,NA,NA
410,problem,UBCx/PSYC.1x/problem/0c529eb254cb46189013581d9266c2cf,12276981,m,audit,NA,NA
411,problem,UBCx/PSYC.1x/problem/adee3da770554085a33c8e963fc5db5f,12276981,m,audit,NA,NA
412,problem,UBCx/PSYC.1x/problem/f150cbb3ffec4cecb4b489e5ef861697,12276981,m,audit,NA,NA
413,problem,UBCx/PSYC.1x/problem/0c9d227d06b245e5b8bbd7c44e90cbc4,12276981,m,audit,NA,NA
414,problem,UBCx/PSYC.1x/problem/806ab9433a824f5ea227fccb8970289e,12276981,m,audit,NA,NA
415,chapter,UBCx/PSYC.1x/chapter/5172164dac324a3f846d193eecd559e0,13758559,NA,audit,NA,NA
416,chapter,UBCx/PSYC.1x/chapter/9343693e210b4e8ca7c0482fdc166d27,13758559,NA,audit,NA,NA
417,video,UBCx/PSYC.1x/video/87705fd28fcf403f9c877a4df5ec1d05,2259709,f,audit,NA,NA
418,chapter,UBCx/PSYC.1x/chapter/5172164dac324a3f846d193eecd559e0,232747,m,audit,NA,NA
419,chapter,UBCx/PSYC.1x/chapter/5172164dac324a3f846d193eecd559e0,13375659,f,audit,17.414806,en
420,problem,UBCx/PSYC.1x/problem/e51bd32bc27b4f50bb198587bda10796,2259709,f,audit,NA,NA
421,problem,UBCx/PSYC.1x/problem/44ce17c8d0404ca89834f56d43a79384,2259709,f,audit,NA,NA
422,problem,UBCx/PSYC.1x/problem/70dc9cdf31574a53af9488d8ea30bffd,2259709,f,audit,NA,NA
423,chapter,UBCx/PSYC.1x/chapter/5172164dac324a3f846d193eecd559e0,11381384,f,audit,888.881358,NA
424,chapter,UBCx/PSYC.1x/chapter/5172164dac324a3f846d193eecd559e0,7929557,f,audit,NA,NA
425,chapter,UBCx/PSYC.1x/chapter/9343693e210b4e8ca7c0482fdc166d27,13672378,m,audit,NA,NA
426,chapter,UBCx/PSYC.1x/chapter/5172164dac324a3f846d193eecd559e0,13757478,f,audit,NA,NA
427,chapter,UBCx/PSYC.1x/chapter/9343693e210b4e8ca7c0482fdc166d27,7929557,f,audit,NA,NA
428,chapter,UBCx/PSYC.1x/chapter/9343693e210b4e8ca7c0482fdc166d27,13375659,f,audit,17.414806,en
429,video,UBCx/PSYC.1x/video/87705fd28fcf403f9c877a4df5ec1d05,13375659,f,audit,17.414806,en
430,chapter,UBCx/PSYC.1x/chapter/c080216c47394f9591d9b36683747441,13163092,f,audit,NA,NA
431,video,UBCx/PSYC.1x/video/55be59be4a7244249699f82ac7e438d6,13163092,f,audit,NA,NA
432,chapter,UBCx/PSYC.1x/chapter/5172164dac324a3f846d193eecd559e0,13759044,m,audit,NA,NA
433,chapter,UBCx/PSYC.1x/chapter/9343693e210b4e8ca7c0482fdc166d27,13759044,m,audit,NA,NA
434,video,UBCx/PSYC.1x/video/87705fd28fcf403f9c877a4df5ec1d05,13759044,m,audit,NA,NA
435,chapter,UBCx/PSYC.1x/chapter/5172164dac324a3f846d193eecd559e0,9934273,o,audit,NA,NA
436,video,UBCx/PSYC.1x/video/cf73512fe4f04f4396c8faa30eae0725,13759044,m,audit,NA,NA
437,video,UBCx/PSYC.1x/video/87705fd28fcf403f9c877a4df5ec1d05,13744476,f,audit,NA,NA
438,video,UBCx/PSYC.1x/video/5820f0a88345476795333b2318d05bac,8465667,f,audit,NA,NA
439,video,UBCx/PSYC.1x/video/21e540d0301240cb83adb3fad1831ed0,8465667,f,audit,NA,NA
440,problem,UBCx/PSYC.1x/problem/e51bd32bc27b4f50bb198587bda10796,2334472,f,audit,NA,NA
441,problem,UBCx/PSYC.1x/problem/44ce17c8d0404ca89834f56d43a79384,2334472,f,audit,NA,NA
442,problem,UBCx/PSYC.1x/problem/70dc9cdf31574a53af9488d8ea30bffd,2334472,f,audit,NA,NA
443,problem,UBCx/PSYC.1x/problem/f120ceacc3004daabc2c2cc8c1d04c67,2259709,f,audit,NA,NA
444,problem,UBCx/PSYC.1x/problem/3d1e35c707134c9982c7855f720afa57,2259709,f,audit,NA,NA
445,problem,UBCx/PSYC.1x/problem/340923ead8d44f38a59050f8b7a345a7,2259709,f,audit,NA,NA
446,problem,UBCx/PSYC.1x/problem/f120ceacc3004daabc2c2cc8c1d04c67,2334472,f,audit,NA,NA
447,problem,UBCx/PSYC.1x/problem/3d1e35c707134c9982c7855f720afa57,2334472,f,audit,NA,NA
448,problem,UBCx/PSYC.1x/problem/340923ead8d44f38a59050f8b7a345a7,2334472,f,audit,NA,NA
449,video,UBCx/PSYC.1x/video/e89cd2f7f95a4d5f90f39d03ddab2796,2259709,f,audit,NA,NA
450,problem,UBCx/PSYC.1x/problem/115118f5229104fce285,12210179,f,audit,41893.846009,en
451,problem,UBCx/PSYC.1x/problem/0754c7ade04c1e88e847,12210179,f,audit,41893.846009,en
452,problem,UBCx/PSYC.1x/problem/43e605d97049f224379a,12210179,f,audit,41893.846009,en
453,problem,UBCx/PSYC.1x/problem/4d4bfe2d3dae1971801f,12210179,f,audit,41893.846009,en
454,problem,UBCx/PSYC.1x/problem/56d0c7ba733d63c16aab,12210179,f,audit,41893.846009,en
455,problem,UBCx/PSYC.1x/problem/dc3073914d43e2ee0d14,12210179,f,audit,41893.846009,en
456,problem,UBCx/PSYC.1x/problem/f1f174a68ac423b4c799,12210179,f,audit,41893.846009,en
457,problem,UBCx/PSYC.1x/problem/1f4d8d3777ff28bbaab3,12210179,f,audit,41893.846009,en
458,problem,UBCx/PSYC.1x/problem/9e842cb1c8a04fcaf63d,12210179,f,audit,41893.846009,en
459,problem,UBCx/PSYC.1x/problem/419fecd289272b6192df,12210179,f,audit,41893.846009,en
460,problem,UBCx/PSYC.1x/problem/f76b013200a19347d368,12210179,f,audit,41893.846009,en
461,problem,UBCx/PSYC.1x/problem/e1019a624dc24207305f,12210179,f,audit,41893.846009,en
462,problem,UBCx/PSYC.1x/problem/0f32fa6cc0eb4af194a8,12210179,f,audit,41893.846009,en
463,problem,UBCx/PSYC.1x/problem/a7c3b375066a13f99851,12210179,f,audit,41893.846009,en
464,problem,UBCx/PSYC.1x/problem/1838f818eebf846af9b7,12210179,f,audit,41893.846009,en
465,problem,UBCx/PSYC.1x/problem/44ed3e0faad46e0c8100,12210179,f,audit,41893.846009,en
466,problem,UBCx/PSYC.1x/problem/3c94b79443b584f34ee3,12210179,f,audit,41893.846009,en
467,problem,UBCx/PSYC.1x/problem/4f862e9f96dd1ef0bd1c,12210179,f,audit,41893.846009,en
468,problem,UBCx/PSYC.1x/problem/1c0d97e2f55f0daf9808,12210179,f,audit,41893.846009,en
469,problem,UBCx/PSYC.1x/problem/2d9cb90c7a5407ebdffa,12210179,f,audit,41893.846009,en
470,problem,UBCx/PSYC.1x/problem/a59621e9349a33f641ad,12210179,f,audit,41893.846009,en
471,problem,UBCx/PSYC.1x/problem/69d98bd7ff22b6c718ca,12210179,f,audit,41893.846009,en
472,problem,UBCx/PSYC.1x/problem/30d5c9b2c33eff554db2,12210179,f,audit,41893.846009,en
473,problem,UBCx/PSYC.1x/problem/5c4f35936f152ecd0783,12210179,f,audit,41893.846009,en
474,problem,UBCx/PSYC.1x/problem/db16270247300a740b1d,12210179,f,audit,41893.846009,en
475,problem,UBCx/PSYC.1x/problem/a66fcae479cafff028d2,12210179,f,audit,41893.846009,en
476,problem,UBCx/PSYC.1x/problem/0ba0fbe652b702053579,12210179,f,audit,41893.846009,en
477,problem,UBCx/PSYC.1x/problem/5a2f654daf5f3d76c0aa,12210179,f,audit,41893.846009,en
478,problem,UBCx/PSYC.1x/problem/bdebcc2a328966c76fca,12210179,f,audit,41893.846009,en
479,problem,UBCx/PSYC.1x/problem/4ec7e722c23256ecb1a2,12210179,f,audit,41893.846009,en
480,problem,UBCx/PSYC.1x/problem/932ead15e88dfd079f14,12210179,f,audit,41893.846009,en
481,problem,UBCx/PSYC.1x/problem/43624c9f5550ad13f705,12210179,f,audit,41893.846009,en
482,problem,UBCx/PSYC.1x/problem/c9acda6daeeb2f71b20b,12210179,f,audit,41893.846009,en
483,problem,UBCx/PSYC.1x/problem/9f60c162282d48f20265,12210179,f,audit,41893.846009,en
484,problem,UBCx/PSYC.1x/problem/3c73dd91d50814e3c01a,12210179,f,audit,41893.846009,en
485,problem,UBCx/PSYC.1x/problem/bc5f8f514d6b9f4c3775,12210179,f,audit,41893.846009,en
486,problem,UBCx/PSYC.1x/problem/cad64e3c306db5478c81,12210179,f,audit,41893.846009,en
487,problem,UBCx/PSYC.1x/problem/9f52c1a07ef0621225ab,12210179,f,audit,41893.846009,en
488,problem,UBCx/PSYC.1x/problem/681af256a49c5e383f9f,12210179,f,audit,41893.846009,en
489,problem,UBCx/PSYC.1x/problem/b575fba54595c6b11ffa,12210179,f,audit,41893.846009,en
490,problem,UBCx/PSYC.1x/problem/17f7e57a726d04f7f8f5,12210179,f,audit,41893.846009,en
491,problem,UBCx/PSYC.1x/problem/b0fc504754d7b0aef64c,12210179,f,audit,41893.846009,en
492,problem,UBCx/PSYC.1x/problem/8e409953a6a09a37c183,12210179,f,audit,41893.846009,en
493,problem,UBCx/PSYC.1x/problem/aaccf295880dfbea5aed,12210179,f,audit,41893.846009,en
494,problem,UBCx/PSYC.1x/problem/ba2b02d2223bf26975da,12210179,f,audit,41893.846009,en
495,problem,UBCx/PSYC.1x/problem/1f70e1d996e63a122158,12210179,f,audit,41893.846009,en
496,problem,UBCx/PSYC.1x/problem/af6c297d9a5cbf9d8bd4,12210179,f,audit,41893.846009,en
497,problem,UBCx/PSYC.1x/problem/1f6ec9fc0a75e3027e82,12210179,f,audit,41893.846009,en
498,problem,UBCx/PSYC.1x/problem/946c079161d38dd78a36,12210179,f,audit,41893.846009,en
499,problem,UBCx/PSYC.1x/problem/4b19246b07032f2c709b,12210179,f,audit,41893.846009,en
500,problem,UBCx/PSYC.1x/problem/b14b4d02091c6166a13f,12210179,f,audit,41893.846009,en
501,problem,UBCx/PSYC.1x/problem/2a3c60df58e5ef2021ae,12210179,f,audit,41893.846009,en
502,problem,UBCx/PSYC.1x/problem/261f8db2acfac41802bf,12210179,f,audit,41893.846009,en
503,problem,UBCx/PSYC.1x/problem/5c1e8b1090cf55569923,12210179,f,audit,41893.846009,en
504,problem,UBCx/PSYC.1x/problem/587df9115f1eff6d462a,12210179,f,audit,41893.846009,en
505,problem,UBCx/PSYC.1x/problem/deb424e1ca025b50ae41,12210179,f,audit,41893.846009,en
506,problem,UBCx/PSYC.1x/problem/c943bd6d1afac2eab8fc,12210179,f,audit,41893.846009,en
507,problem,UBCx/PSYC.1x/problem/b1382660263529066c4f,12210179,f,audit,41893.846009,en
508,problem,UBCx/PSYC.1x/problem/f411e55748ce511ab47b,12210179,f,audit,41893.846009,en
509,problem,UBCx/PSYC.1x/problem/639e7af227335b7ca913,12210179,f,audit,41893.846009,en
510,problem,UBCx/PSYC.1x/problem/0ec7d6dec3b095416988,12210179,f,audit,41893.846009,en
511,problem,UBCx/PSYC.1x/problem/dae216787ef495f8be4c,12210179,f,audit,41893.846009,en
512,problem,UBCx/PSYC.1x/problem/11a6e1d23f4b39a45223,12210179,f,audit,41893.846009,en
513,problem,UBCx/PSYC.1x/problem/0d0d391959bb5f02d90e,12210179,f,audit,41893.846009,en
514,problem,UBCx/PSYC.1x/problem/605c99b86c9a2d2dfb9d,12210179,f,audit,41893.846009,en
515,problem,UBCx/PSYC.1x/problem/546c29fc31522e614399,12210179,f,audit,41893.846009,en
516,problem,UBCx/PSYC.1x/problem/911a5818e4034c0bcf00,12210179,f,audit,41893.846009,en
517,problem,UBCx/PSYC.1x/problem/eaaaa8bcb878b2d6a7bd,12210179,f,audit,41893.846009,en
518,problem,UBCx/PSYC.1x/problem/7e055dddfdda3cc551ba,12210179,f,audit,41893.846009,en
519,problem,UBCx/PSYC.1x/problem/2f5538b3a3578c56f0fc,12210179,f,audit,41893.846009,en
520,problem,UBCx/PSYC.1x/problem/84dcc6da7f39aa74db16,12210179,f,audit,41893.846009,en
521,problem,UBCx/PSYC.1x/problem/845d0f92fb35c2f0d299,12210179,f,audit,41893.846009,en
522,problem,UBCx/PSYC.1x/problem/baafe55ff16a17c7378d,12210179,f,audit,41893.846009,en
523,problem,UBCx/PSYC.1x/problem/6e84cd05c07eb839d851,12210179,f,audit,41893.846009,en
524,problem,UBCx/PSYC.1x/problem/530d0d9a101b4209f595,12210179,f,audit,41893.846009,en
525,problem,UBCx/PSYC.1x/problem/376480448ca9a47a4cf1,12210179,f,audit,41893.846009,en
526,problem,UBCx/PSYC.1x/problem/a172c0b816db1d5ed33e,12210179,f,audit,41893.846009,en
527,problem,UBCx/PSYC.1x/problem/4582f87f38486872c7da,12210179,f,audit,41893.846009,en
528,problem,UBCx/PSYC.1x/problem/1274a2142f067746aaac,12210179,f,audit,41893.846009,en
529,problem,UBCx/PSYC.1x/problem/8ab7f043c2a4da8a2512,12210179,f,audit,41893.846009,en
530,problem,UBCx/PSYC.1x/problem/4f468753c50ac81c6a6a,12210179,f,audit,41893.846009,en
531,problem,UBCx/PSYC.1x/problem/b87cc81424c771e5570a,12210179,f,audit,41893.846009,en
532,problem,UBCx/PSYC.1x/problem/0f5df1cfcd5614b2fbf3,12210179,f,audit,41893.846009,en
533,problem,UBCx/PSYC.1x/problem/844ac22e57067a9025ee,12210179,f,audit,41893.846009,en
534,problem,UBCx/PSYC.1x/problem/1d879f9eb127ac93ee41,12210179,f,audit,41893.846009,en
535,problem,UBCx/PSYC.1x/problem/6488f978144d18f45c44,12210179,f,audit,41893.846009,en
536,problem,UBCx/PSYC.1x/problem/ec2ddc960b497b79e5a9,12210179,f,audit,41893.846009,en
537,problem,UBCx/PSYC.1x/problem/d64a085c867d58fa4f0d,12210179,f,audit,41893.846009,en
538,problem,UBCx/PSYC.1x/problem/5ccc7f1fd9fed2433b64,12210179,f,audit,41893.846009,en
539,problem,UBCx/PSYC.1x/problem/53aa2802e0a038d95b39,12210179,f,audit,41893.846009,en
540,problem,UBCx/PSYC.1x/problem/e92f477a9618351b3437,12210179,f,audit,41893.846009,en
541,problem,UBCx/PSYC.1x/problem/caf0ac15c61f11a5a6e2,12210179,f,audit,41893.846009,en
542,problem,UBCx/PSYC.1x/problem/4791724ceb4582768394,12210179,f,audit,41893.846009,en
543,problem,UBCx/PSYC.1x/problem/fb612358ae741fdee82e,12210179,f,audit,41893.846009,en
544,problem,UBCx/PSYC.1x/problem/ab12f12b7e29a35d690c,12210179,f,audit,41893.846009,en
545,problem,UBCx/PSYC.1x/problem/5e5c0733412f1899bb82,12210179,f,audit,41893.846009,en
546,problem,UBCx/PSYC.1x/problem/fd0ab36a1c81e62e1b7e,12210179,f,audit,41893.846009,en
547,problem,UBCx/PSYC.1x/problem/09ad235fc354fcf48109,12210179,f,audit,41893.846009,en
548,problem,UBCx/PSYC.1x/problem/3ffca98ad4d6d1ad037b,12210179,f,audit,41893.846009,en
549,chapter,UBCx/PSYC.1x/chapter/5172164dac324a3f846d193eecd559e0,7957707,f,audit,NA,NA
550,chapter,UBCx/PSYC.1x/chapter/5172164dac324a3f846d193eecd559e0,11336910,f,audit,NA,NA
551,chapter,UBCx/PSYC.1x/chapter/9343693e210b4e8ca7c0482fdc166d27,13748784,f,audit,NA,NA
552,chapter,UBCx/PSYC.1x/chapter/5172164dac324a3f846d193eecd559e0,13577866,f,audit,NA,NA
553,problem,UBCx/PSYC.1x/problem/8a9c25a3ffff42a38782b9b06955a3e9,2259709,f,audit,NA,NA
554,problem,UBCx/PSYC.1x/problem/28e2d1e8558f4c138f50622235bb6af7,2259709,f,audit,NA,NA
555,problem,UBCx/PSYC.1x/problem/9377df1d781644248a22b8197e822e2b,2259709,f,audit,NA,NA
556,video,UBCx/PSYC.1x/video/af0e9bfccfe34b9c882ab7f127bc2fba,2259709,f,audit,NA,NA
557,problem,UBCx/PSYC.1x/problem/d40db0d31b2d4b0c9e6fdc9df09dc7a1,2259709,f,audit,NA,NA
558,problem,UBCx/PSYC.1x/problem/c2ad9ad9a5ee4f428bcd6a5fe76f8261,2259709,f,audit,NA,NA
559,problem,UBCx/PSYC.1x/problem/4db23d5cb84f47bfa7e13e52922beb04,2259709,f,audit,NA,NA
560,problem,UBCx/PSYC.1x/problem/76af263f2f524503a8935d766cad5bdf,2259709,f,audit,NA,NA
561,problem,UBCx/PSYC.1x/problem/a81ceca3e4d14b1a944909ba6829d843,2259709,f,audit,NA,NA
562,problem,UBCx/PSYC.1x/problem/f2446117089a48d3a0d05f51d377bb3e,2259709,f,audit,NA,NA
563,problem,UBCx/PSYC.1x/problem/1037a288113c44c28e8fdfecf4b02bd3,2259709,f,audit,NA,NA
564,problem,UBCx/PSYC.1x/problem/1fd710ddfc044ba18719367c8b45370e,2259709,f,audit,NA,NA
565,video,UBCx/PSYC.1x/video/8834de240b21430898fd831c99f254d7,2259709,f,audit,NA,NA
566,chapter,UBCx/PSYC.1x/chapter/c080216c47394f9591d9b36683747441,2259709,f,audit,NA,NA
567,chapter,UBCx/PSYC.1x/chapter/5172164dac324a3f846d193eecd559e0,13760193,f,audit,NA,NA
568,problem,UBCx/PSYC.1x/problem/8a9c25a3ffff42a38782b9b06955a3e9,2334472,f,audit,NA,NA
569,problem,UBCx/PSYC.1x/problem/28e2d1e8558f4c138f50622235bb6af7,2334472,f,audit,NA,NA
570,problem,UBCx/PSYC.1x/problem/9377df1d781644248a22b8197e822e2b,2334472,f,audit,NA,NA
571,video,UBCx/PSYC.1x/video/b3cd46192a2441db9c42822a655f6b01,2259709,f,audit,NA,NA
572,chapter,UBCx/PSYC.1x/chapter/5172164dac324a3f846d193eecd559e0,13760461,f,audit,NA,NA
573,chapter,UBCx/PSYC.1x/chapter/c080216c47394f9591d9b36683747441,11772718,m,verified,24270.773404,en
574,problem,UBCx/PSYC.1x/problem/d40db0d31b2d4b0c9e6fdc9df09dc7a1,2334472,f,audit,NA,NA
575,problem,UBCx/PSYC.1x/problem/c2ad9ad9a5ee4f428bcd6a5fe76f8261,2334472,f,audit,NA,NA
576,problem,UBCx/PSYC.1x/problem/4db23d5cb84f47bfa7e13e52922beb04,2334472,f,audit,NA,NA
577,problem,UBCx/PSYC.1x/problem/76af263f2f524503a8935d766cad5bdf,2334472,f,audit,NA,NA
578,problem,UBCx/PSYC.1x/problem/a81ceca3e4d14b1a944909ba6829d843,2334472,f,audit,NA,NA
579,problem,UBCx/PSYC.1x/problem/f2446117089a48d3a0d05f51d377bb3e,2334472,f,audit,NA,NA
580,problem,UBCx/PSYC.1x/problem/1037a288113c44c28e8fdfecf4b02bd3,2334472,f,audit,NA,NA
581,problem,UBCx/PSYC.1x/problem/1fd710ddfc044ba18719367c8b45370e,2334472,f,audit,NA,NA
582,video,UBCx/PSYC.1x/video/da7fa03c3dec4d1f9c4ad3f2e92cf4e8,2259709,f,audit,NA,NA
583,chapter,UBCx/PSYC.1x/chapter/9343693e210b4e8ca7c0482fdc166d27,13760461,f,audit,NA,NA
584,video,UBCx/PSYC.1x/video/5820f0a88345476795333b2318d05bac,2259709,f,audit,NA,NA
585,video,UBCx/PSYC.1x/video/87705fd28fcf403f9c877a4df5ec1d05,8561000,f,audit,3710.339857,en
586,video,UBCx/PSYC.1x/video/9e64391ce38142ba9845e1d081148d64,13760461,f,audit,NA,NA
587,video,UBCx/PSYC.1x/video/21e540d0301240cb83adb3fad1831ed0,2259709,f,audit,NA,NA
588,chapter,UBCx/PSYC.1x/chapter/5172164dac324a3f846d193eecd559e0,13759917,m,audit,NA,NA
589,video,UBCx/PSYC.1x/video/48c43cc2b3614aea9d5251db2fcb6dec,13703309,f,audit,58.21929,NA
590,problem,UBCx/PSYC.1x/problem/e51bd32bc27b4f50bb198587bda10796,8561000,f,audit,3710.339857,en
591,problem,UBCx/PSYC.1x/problem/44ce17c8d0404ca89834f56d43a79384,8561000,f,audit,3710.339857,en
592,problem,UBCx/PSYC.1x/problem/70dc9cdf31574a53af9488d8ea30bffd,8561000,f,audit,3710.339857,en
593,openassessment,UBCx/PSYC.1x/openassessment/c89880416abf4a1bb3a80d0733917b9f,2259709,f,audit,NA,NA
594,problem,UBCx/PSYC.1x/problem/74f9e619341a4c32a80b2ab9b2207079,13703309,f,audit,58.21929,NA
595,problem,UBCx/PSYC.1x/problem/c24bbff7573c4056a48fdf221cbbafad,13703309,f,audit,58.21929,NA
596,problem,UBCx/PSYC.1x/problem/edd2a1b9eaba4800b85c7c4cedfad60f,13703309,f,audit,58.21929,NA
597,chapter,UBCx/PSYC.1x/chapter/5172164dac324a3f846d193eecd559e0,13748150,NA,audit,NA,NA
598,video,UBCx/PSYC.1x/video/cf73512fe4f04f4396c8faa30eae0725,8561000,f,audit,3710.339857,en
599,chapter,UBCx/PSYC.1x/chapter/9343693e210b4e8ca7c0482fdc166d27,13748150,NA,audit,NA,NA
600,video,UBCx/PSYC.1x/video/dec5f7321e38481a9cdaba33dc06f070,13703309,f,audit,58.21929,NA
601,problem,UBCx/PSYC.1x/problem/7d60ff9ab75f4426b117bae165432dcf,13703309,f,audit,58.21929,NA
602,problem,UBCx/PSYC.1x/problem/bfb714b1d7804bc29b802d2b581c3545,13703309,f,audit,58.21929,NA
603,problem,UBCx/PSYC.1x/problem/9a7dead07eb1445e8d99dc399b36e3bb,13703309,f,audit,58.21929,NA
604,chapter,UBCx/PSYC.1x/chapter/9343693e210b4e8ca7c0482fdc166d27,11649964,NA,audit,NA,NA
605,video,UBCx/PSYC.1x/video/890248598ff249db80aead65a2576362,13703309,f,audit,58.21929,NA
606,problem,UBCx/PSYC.1x/problem/09559307b70f4ffc8ff15888b7f1e47f,13748150,NA,audit,NA,NA
607,chapter,UBCx/PSYC.1x/chapter/c080216c47394f9591d9b36683747441,3909283,m,audit,5456.33896,en
608,problem,UBCx/PSYC.1x/problem/c12205475b8e42b7b33030223ccfdaed,13703309,f,audit,58.21929,NA
609,problem,UBCx/PSYC.1x/problem/098a4a12aab847e4b0307db9b68c6681,13703309,f,audit,58.21929,NA
610,problem,UBCx/PSYC.1x/problem/8afd83b69a41473d80af3f07434e3956,13703309,f,audit,58.21929,NA
611,video,UBCx/PSYC.1x/video/6d747a28b1004a2e99d67a36e368b607,3909283,m,audit,5456.33896,en
612,video,UBCx/PSYC.1x/video/c7631c23686e4412ad5aef2f1d8a0967,13703309,f,audit,58.21929,NA
613,video,UBCx/PSYC.1x/video/3ad2be4a6ea340f1bf31e746912b290e,2619388,f,audit,1078.911525,en
614,video,UBCx/PSYC.1x/video/961c168d482e482a92085949a9720b85,13703309,f,audit,58.21929,NA
615,problem,UBCx/PSYC.1x/problem/87297c8091d54380a0363c8403d7bcd0,13703309,f,audit,58.21929,NA
616,problem,UBCx/PSYC.1x/problem/e682bb771caf4eb4b104565ab31143da,13703309,f,audit,58.21929,NA
617,problem,UBCx/PSYC.1x/problem/ffe5d4d03fe84db1ad82cfd4650bd19c,13703309,f,audit,58.21929,NA
618,problem,UBCx/PSYC.1x/problem/583bd26e618c49fa83feb3ade06e4ee4,13703309,f,audit,58.21929,NA
619,video,UBCx/PSYC.1x/video/40f4f14815dc47749f8d2d538406dcf8,13703309,f,audit,58.21929,NA
620,video,UBCx/PSYC.1x/video/3aa13375219f48a091e1b5f759f2d7ea,13703309,f,audit,58.21929,NA
621,video,UBCx/PSYC.1x/video/87705fd28fcf403f9c877a4df5ec1d05,8458031,f,audit,10256.703926,en
622,problem,UBCx/PSYC.1x/problem/e51bd32bc27b4f50bb198587bda10796,8458031,f,audit,10256.703926,en
623,problem,UBCx/PSYC.1x/problem/44ce17c8d0404ca89834f56d43a79384,8458031,f,audit,10256.703926,en
624,problem,UBCx/PSYC.1x/problem/70dc9cdf31574a53af9488d8ea30bffd,8458031,f,audit,10256.703926,en
625,chapter,UBCx/PSYC.1x/chapter/4d6255b47eb04127825acb168a27f72d,13703309,f,audit,58.21929,NA
626,video,UBCx/PSYC.1x/video/cf73512fe4f04f4396c8faa30eae0725,8458031,f,audit,10256.703926,en
627,video,UBCx/PSYC.1x/video/48c43cc2b3614aea9d5251db2fcb6dec,12912250,f,verified,10237.774204,en
628,problem,UBCx/PSYC.1x/problem/74f9e619341a4c32a80b2ab9b2207079,12912250,f,verified,10237.774204,en
629,problem,UBCx/PSYC.1x/problem/c24bbff7573c4056a48fdf221cbbafad,12912250,f,verified,10237.774204,en
630,problem,UBCx/PSYC.1x/problem/edd2a1b9eaba4800b85c7c4cedfad60f,12912250,f,verified,10237.774204,en
631,video,UBCx/PSYC.1x/video/dec5f7321e38481a9cdaba33dc06f070,12912250,f,verified,10237.774204,en
632,openassessment,UBCx/PSYC.1x/openassessment/3c42ade24d804609b2fe3717f49eca9a,13703309,f,audit,58.21929,NA
633,chapter,UBCx/PSYC.1x/chapter/5172164dac324a3f846d193eecd559e0,4780359,f,audit,NA,NA
634,chapter,UBCx/PSYC.1x/chapter/9343693e210b4e8ca7c0482fdc166d27,4780359,f,audit,NA,NA
635,chapter,UBCx/PSYC.1x/chapter/5172164dac324a3f846d193eecd559e0,2206074,f,audit,NA,NA
636,video,UBCx/PSYC.1x/video/cf73512fe4f04f4396c8faa30eae0725,13677103,f,audit,0.396335,NA
637,problem,UBCx/PSYC.1x/problem/f120ceacc3004daabc2c2cc8c1d04c67,13677103,f,audit,0.396335,NA
638,problem,UBCx/PSYC.1x/problem/3d1e35c707134c9982c7855f720afa57,13677103,f,audit,0.396335,NA
639,problem,UBCx/PSYC.1x/problem/340923ead8d44f38a59050f8b7a345a7,13677103,f,audit,0.396335,NA
640,video,UBCx/PSYC.1x/video/40f4f14815dc47749f8d2d538406dcf8,7222062,f,audit,NA,NA
641,video,UBCx/PSYC.1x/video/cf73512fe4f04f4396c8faa30eae0725,13757337,f,audit,NA,en
642,video,UBCx/PSYC.1x/video/3aa13375219f48a091e1b5f759f2d7ea,7222062,f,audit,NA,NA
643,chapter,UBCx/PSYC.1x/chapter/4d6255b47eb04127825acb168a27f72d,7222062,f,audit,NA,NA
644,chapter,UBCx/PSYC.1x/chapter/7d40848038a74a5e984cb3f54518eea3,7222062,f,audit,NA,NA
645,video,UBCx/PSYC.1x/video/e89cd2f7f95a4d5f90f39d03ddab2796,13677103,f,audit,0.396335,NA
646,openassessment,UBCx/PSYC.1x/openassessment/06ccb4a9c0204159bb176fac6fe95bf0,13288071,f,audit,NA,NA
647,chapter,UBCx/PSYC.1x/chapter/9343693e210b4e8ca7c0482fdc166d27,13744330,f,audit,26.145708,NA
648,chapter,UBCx/PSYC.1x/chapter/5172164dac324a3f846d193eecd559e0,13763355,f,audit,538.575076,en
649,problem,UBCx/PSYC.1x/problem/8a9c25a3ffff42a38782b9b06955a3e9,13677103,f,audit,0.396335,NA
650,problem,UBCx/PSYC.1x/problem/28e2d1e8558f4c138f50622235bb6af7,13677103,f,audit,0.396335,NA
651,problem,UBCx/PSYC.1x/problem/9377df1d781644248a22b8197e822e2b,13677103,f,audit,0.396335,NA
652,chapter,UBCx/PSYC.1x/chapter/9343693e210b4e8ca7c0482fdc166d27,13763355,f,audit,538.575076,en
653,problem,UBCx/PSYC.1x/problem/09559307b70f4ffc8ff15888b7f1e47f,13744330,f,audit,26.145708,NA
654,problem,UBCx/PSYC.1x/problem/b6235e3f67e34687a00a345e0a252f1e,13744330,f,audit,26.145708,NA
655,problem,UBCx/PSYC.1x/problem/16bd6ccbff27417aa222b513195c7778,13744330,f,audit,26.145708,NA
656,problem,UBCx/PSYC.1x/problem/2843558682a64e87aff61dab0700b2bc,13744330,f,audit,26.145708,NA
657,problem,UBCx/PSYC.1x/problem/46b0f75ce41940969111276b59b1a1a6,13744330,f,audit,26.145708,NA
658,problem,UBCx/PSYC.1x/problem/02574e7c0e714d4aa3b8da05c30f9e85,13744330,f,audit,26.145708,NA
659,problem,UBCx/PSYC.1x/problem/fce85234a96648cdbc44c3c2332eb683,13744330,f,audit,26.145708,NA
660,problem,UBCx/PSYC.1x/problem/21611b5817df49a4a0a8d7b61ce06700,13744330,f,audit,26.145708,NA
661,problem,UBCx/PSYC.1x/problem/d43edb87174d431b8fdd1c4b6ae518b4,13744330,f,audit,26.145708,NA
662,problem,UBCx/PSYC.1x/problem/47df020b76954426a6e2533c439282ff,13744330,f,audit,26.145708,NA
663,video,UBCx/PSYC.1x/video/e89cd2f7f95a4d5f90f39d03ddab2796,13612963,f,audit,NA,NA
664,chapter,UBCx/PSYC.1x/chapter/5172164dac324a3f846d193eecd559e0,13763668,f,audit,NA,NA
665,video,UBCx/PSYC.1x/video/9e64391ce38142ba9845e1d081148d64,13763355,f,audit,538.575076,en
666,problem,UBCx/PSYC.1x/problem/09559307b70f4ffc8ff15888b7f1e47f,13763355,f,audit,538.575076,en
667,problem,UBCx/PSYC.1x/problem/b6235e3f67e34687a00a345e0a252f1e,13763355,f,audit,538.575076,en
668,problem,UBCx/PSYC.1x/problem/16bd6ccbff27417aa222b513195c7778,13763355,f,audit,538.575076,en
669,problem,UBCx/PSYC.1x/problem/2843558682a64e87aff61dab0700b2bc,13763355,f,audit,538.575076,en
670,problem,UBCx/PSYC.1x/problem/46b0f75ce41940969111276b59b1a1a6,13763355,f,audit,538.575076,en
671,problem,UBCx/PSYC.1x/problem/02574e7c0e714d4aa3b8da05c30f9e85,13763355,f,audit,538.575076,en
672,problem,UBCx/PSYC.1x/problem/fce85234a96648cdbc44c3c2332eb683,13763355,f,audit,538.575076,en
673,problem,UBCx/PSYC.1x/problem/21611b5817df49a4a0a8d7b61ce06700,13763355,f,audit,538.575076,en
674,problem,UBCx/PSYC.1x/problem/d43edb87174d431b8fdd1c4b6ae518b4,13763355,f,audit,538.575076,en
675,problem,UBCx/PSYC.1x/problem/47df020b76954426a6e2533c439282ff,13763355,f,audit,538.575076,en
676,chapter,UBCx/PSYC.1x/chapter/9343693e210b4e8ca7c0482fdc166d27,13763668,f,audit,NA,NA
677,video,UBCx/PSYC.1x/video/9e64391ce38142ba9845e1d081148d64,13763668,f,audit,NA,NA
678,chapter,UBCx/PSYC.1x/chapter/5172164dac324a3f846d193eecd559e0,13651740,m,audit,869.800617,en
679,chapter,UBCx/PSYC.1x/chapter/9343693e210b4e8ca7c0482fdc166d27,13651740,m,audit,869.800617,en
680,openassessment,UBCx/PSYC.1x/openassessment/1c21ffed8ac64b58a185e2b40697e570,3359709,f,verified,8811.504929,en
681,openassessment,UBCx/PSYC.1x/openassessment/06ccb4a9c0204159bb176fac6fe95bf0,3359709,f,verified,8811.504929,en
682,chapter,UBCx/PSYC.1x/chapter/5172164dac324a3f846d193eecd559e0,13764519,NA,audit,NA,NA
683,problem,UBCx/PSYC.1x/problem/9d7f5c88ed7e434a9fe75eecae8e751a,3359709,f,verified,8811.504929,en
684,problem,UBCx/PSYC.1x/problem/75ef65eedc5c42ac9438d166e7d02094,3359709,f,verified,8811.504929,en
685,problem,UBCx/PSYC.1x/problem/2dd00ccca3e54bfe9aa0b8226a7cf91c,3359709,f,verified,8811.504929,en
686,problem,UBCx/PSYC.1x/problem/1733ae06aefb4775ab4d40ccf33f8481,3359709,f,verified,8811.504929,en
687,problem,UBCx/PSYC.1x/problem/c29b1f4056e643eab4bf6fd2527b69da,3359709,f,verified,8811.504929,en
688,problem,UBCx/PSYC.1x/problem/ebff357f22a84ab384b1266316a9abc5,3359709,f,verified,8811.504929,en
689,problem,UBCx/PSYC.1x/problem/51964721551844f2a3400e7dfb9c1826,3359709,f,verified,8811.504929,en
690,problem,UBCx/PSYC.1x/problem/0ca06c99f6cf43858db313496b24c875,3359709,f,verified,8811.504929,en
691,problem,UBCx/PSYC.1x/problem/a323131e4b324b22ae63a344c38db126,3359709,f,verified,8811.504929,en
692,problem,UBCx/PSYC.1x/problem/267037334246477292de19f39d794524,3359709,f,verified,8811.504929,en
693,problem,UBCx/PSYC.1x/problem/d08e4646b5624e9c8e433d25e140c66a,3359709,f,verified,8811.504929,en
694,problem,UBCx/PSYC.1x/problem/1f73f3c8545a4659a6e83cc146630a37,3359709,f,verified,8811.504929,en
695,problem,UBCx/PSYC.1x/problem/34ebb12934e24b6d8d9b7d14c40106b6,3359709,f,verified,8811.504929,en
696,problem,UBCx/PSYC.1x/problem/b0b325b440ef4c6e88864dd54392762a,3359709,f,verified,8811.504929,en
697,problem,UBCx/PSYC.1x/problem/e5340cd3b1a64bc7915a66544160451e,3359709,f,verified,8811.504929,en
698,problem,UBCx/PSYC.1x/problem/ca0f13b50da34458b9b0c6b208a010cc,3359709,f,verified,8811.504929,en
699,problem,UBCx/PSYC.1x/problem/88b82dbd63d945719f54581fbc5312f6,3359709,f,verified,8811.504929,en
700,problem,UBCx/PSYC.1x/problem/b3adf9d01467414e8c7f478a03f584a8,3359709,f,verified,8811.504929,en
701,problem,UBCx/PSYC.1x/problem/dda39c28dabc49d58c67114da0f5ebe1,3359709,f,verified,8811.504929,en
702,problem,UBCx/PSYC.1x/problem/b63c5c6923fc470c891c5d25208e45f5,3359709,f,verified,8811.504929,en
703,video,UBCx/PSYC.1x/video/48c43cc2b3614aea9d5251db2fcb6dec,13529291,f,audit,2404.333745,NA
704,chapter,UBCx/PSYC.1x/chapter/c080216c47394f9591d9b36683747441,3359709,f,verified,8811.504929,en
705,problem,UBCx/PSYC.1x/problem/8d8c6c859fd5493690dc5cc4565b5419,3359709,f,verified,8811.504929,en
706,problem,UBCx/PSYC.1x/problem/aa3a2efe71f24efea840ab82252b3c47,3359709,f,verified,8811.504929,en
707,problem,UBCx/PSYC.1x/problem/02bd71fcf0b74576be265b605ccab4c2,3359709,f,verified,8811.504929,en
708,problem,UBCx/PSYC.1x/problem/16ba0faab5fd44458cc485ed3db9fbc6,3359709,f,verified,8811.504929,en
709,problem,UBCx/PSYC.1x/problem/da9bc1bdfcf94f65a3889525ff131d69,3359709,f,verified,8811.504929,en
710,problem,UBCx/PSYC.1x/problem/94c3bbfe360b4c58ba8760c5e501b607,3359709,f,verified,8811.504929,en
711,problem,UBCx/PSYC.1x/problem/8ab1b7110cd34c328cdecf4e0f67664c,3359709,f,verified,8811.504929,en
712,problem,UBCx/PSYC.1x/problem/3f79edcc10d1406da319bc11620a90af,3359709,f,verified,8811.504929,en
713,problem,UBCx/PSYC.1x/problem/d7b8586ad84d4a67ba627727d9dffa0f,3359709,f,verified,8811.504929,en
714,problem,UBCx/PSYC.1x/problem/b0f22a501adc49639bc6eb56bc2e5390,3359709,f,verified,8811.504929,en
715,problem,UBCx/PSYC.1x/problem/74f9e619341a4c32a80b2ab9b2207079,13529291,f,audit,2404.333745,NA
716,problem,UBCx/PSYC.1x/problem/c24bbff7573c4056a48fdf221cbbafad,13529291,f,audit,2404.333745,NA
717,problem,UBCx/PSYC.1x/problem/edd2a1b9eaba4800b85c7c4cedfad60f,13529291,f,audit,2404.333745,NA
718,video,UBCx/PSYC.1x/video/dec5f7321e38481a9cdaba33dc06f070,13529291,f,audit,2404.333745,NA
719,problem,UBCx/PSYC.1x/problem/7d60ff9ab75f4426b117bae165432dcf,13529291,f,audit,2404.333745,NA
720,problem,UBCx/PSYC.1x/problem/bfb714b1d7804bc29b802d2b581c3545,13529291,f,audit,2404.333745,NA
721,problem,UBCx/PSYC.1x/problem/9a7dead07eb1445e8d99dc399b36e3bb,13529291,f,audit,2404.333745,NA
722,chapter,UBCx/PSYC.1x/chapter/5172164dac324a3f846d193eecd559e0,11202450,f,audit,145.130626,NA
723,chapter,UBCx/PSYC.1x/chapter/9343693e210b4e8ca7c0482fdc166d27,11202450,f,audit,145.130626,NA
724,video,UBCx/PSYC.1x/video/9e64391ce38142ba9845e1d081148d64,11202450,f,audit,145.130626,NA
725,video,UBCx/PSYC.1x/video/87705fd28fcf403f9c877a4df5ec1d05,13744330,f,audit,26.145708,NA
726,video,UBCx/PSYC.1x/video/9e64391ce38142ba9845e1d081148d64,13683179,m,audit,74.256775,en
727,chapter,UBCx/PSYC.1x/chapter/5172164dac324a3f846d193eecd559e0,307920,m,audit,NA,NA
728,chapter,UBCx/PSYC.1x/chapter/9343693e210b4e8ca7c0482fdc166d27,307920,m,audit,NA,NA
729,chapter,UBCx/PSYC.1x/chapter/5172164dac324a3f846d193eecd559e0,13765947,NA,audit,NA,NA
730,chapter,UBCx/PSYC.1x/chapter/9343693e210b4e8ca7c0482fdc166d27,13765947,NA,audit,NA,NA
731,chapter,UBCx/PSYC.1x/chapter/5172164dac324a3f846d193eecd559e0,13766218,f,audit,NA,NA
732,chapter,UBCx/PSYC.1x/chapter/5172164dac324a3f846d193eecd559e0,10585273,NA,audit,NA,NA
733,chapter,UBCx/PSYC.1x/chapter/9343693e210b4e8ca7c0482fdc166d27,10585273,NA,audit,NA,NA
734,video,UBCx/PSYC.1x/video/9e64391ce38142ba9845e1d081148d64,10585273,NA,audit,NA,NA
735,chapter,UBCx/PSYC.1x/chapter/5172164dac324a3f846d193eecd559e0,13766313,m,audit,NA,NA
736,chapter,UBCx/PSYC.1x/chapter/9343693e210b4e8ca7c0482fdc166d27,13766313,m,audit,NA,NA
737,video,UBCx/PSYC.1x/video/890248598ff249db80aead65a2576362,13529291,f,audit,2404.333745,NA
738,chapter,UBCx/PSYC.1x/chapter/5172164dac324a3f846d193eecd559e0,11582462,f,audit,NA,NA
739,chapter,UBCx/PSYC.1x/chapter/9343693e210b4e8ca7c0482fdc166d27,13550253,m,audit,NA,NA
740,video,UBCx/PSYC.1x/video/9e64391ce38142ba9845e1d081148d64,13550253,m,audit,NA,NA
741,chapter,UBCx/PSYC.1x/chapter/9343693e210b4e8ca7c0482fdc166d27,7957707,f,audit,NA,NA
742,video,UBCx/PSYC.1x/video/9e64391ce38142ba9845e1d081148d64,7957707,f,audit,NA,NA
743,chapter,UBCx/PSYC.1x/chapter/9343693e210b4e8ca7c0482fdc166d27,1158124,f,audit,NA,NA
744,problem,UBCx/PSYC.1x/problem/a3a5314728b94cc2839fe3d4cf85568c,10957843,f,verified,12328.75477,en
745,problem,UBCx/PSYC.1x/problem/afe9b9d4139c4ea18d64cdec21834c04,10957843,f,verified,12328.75477,en
746,problem,UBCx/PSYC.1x/problem/223450ceb0c54e599ffd1ca00d324264,10957843,f,verified,12328.75477,en
747,problem,UBCx/PSYC.1x/problem/9d7f5c88ed7e434a9fe75eecae8e751a,11917148,NA,audit,13053.88987,en
748,problem,UBCx/PSYC.1x/problem/75ef65eedc5c42ac9438d166e7d02094,11917148,NA,audit,13053.88987,en
749,problem,UBCx/PSYC.1x/problem/2dd00ccca3e54bfe9aa0b8226a7cf91c,11917148,NA,audit,13053.88987,en
750,problem,UBCx/PSYC.1x/problem/1733ae06aefb4775ab4d40ccf33f8481,11917148,NA,audit,13053.88987,en
751,problem,UBCx/PSYC.1x/problem/c29b1f4056e643eab4bf6fd2527b69da,11917148,NA,audit,13053.88987,en
752,problem,UBCx/PSYC.1x/problem/ebff357f22a84ab384b1266316a9abc5,11917148,NA,audit,13053.88987,en
753,problem,UBCx/PSYC.1x/problem/51964721551844f2a3400e7dfb9c1826,11917148,NA,audit,13053.88987,en
754,problem,UBCx/PSYC.1x/problem/0ca06c99f6cf43858db313496b24c875,11917148,NA,audit,13053.88987,en
755,problem,UBCx/PSYC.1x/problem/a323131e4b324b22ae63a344c38db126,11917148,NA,audit,13053.88987,en
756,problem,UBCx/PSYC.1x/problem/267037334246477292de19f39d794524,11917148,NA,audit,13053.88987,en
757,problem,UBCx/PSYC.1x/problem/d08e4646b5624e9c8e433d25e140c66a,11917148,NA,audit,13053.88987,en
758,problem,UBCx/PSYC.1x/problem/1f73f3c8545a4659a6e83cc146630a37,11917148,NA,audit,13053.88987,en
759,problem,UBCx/PSYC.1x/problem/34ebb12934e24b6d8d9b7d14c40106b6,11917148,NA,audit,13053.88987,en
760,problem,UBCx/PSYC.1x/problem/b0b325b440ef4c6e88864dd54392762a,11917148,NA,audit,13053.88987,en
761,problem,UBCx/PSYC.1x/problem/e5340cd3b1a64bc7915a66544160451e,11917148,NA,audit,13053.88987,en
762,problem,UBCx/PSYC.1x/problem/ca0f13b50da34458b9b0c6b208a010cc,11917148,NA,audit,13053.88987,en
763,problem,UBCx/PSYC.1x/problem/88b82dbd63d945719f54581fbc5312f6,11917148,NA,audit,13053.88987,en
764,problem,UBCx/PSYC.1x/problem/b3adf9d01467414e8c7f478a03f584a8,11917148,NA,audit,13053.88987,en
765,problem,UBCx/PSYC.1x/problem/dda39c28dabc49d58c67114da0f5ebe1,11917148,NA,audit,13053.88987,en
766,problem,UBCx/PSYC.1x/problem/b63c5c6923fc470c891c5d25208e45f5,11917148,NA,audit,13053.88987,en
767,video,UBCx/PSYC.1x/video/87705fd28fcf403f9c877a4df5ec1d05,7957707,f,audit,NA,NA
768,problem,UBCx/PSYC.1x/problem/e51bd32bc27b4f50bb198587bda10796,7957707,f,audit,NA,NA
769,problem,UBCx/PSYC.1x/problem/44ce17c8d0404ca89834f56d43a79384,7957707,f,audit,NA,NA
770,problem,UBCx/PSYC.1x/problem/70dc9cdf31574a53af9488d8ea30bffd,7957707,f,audit,NA,NA
771,problem,UBCx/PSYC.1x/problem/84f53f2fae35449595ce5bc46a1f2c80,10957843,f,verified,12328.75477,en
772,problem,UBCx/PSYC.1x/problem/37d9b2c81d1c43cb930867f69502b911,10957843,f,verified,12328.75477,en
773,problem,UBCx/PSYC.1x/problem/adbbe8feb70e4a1fb1bd08be450ccc31,10957843,f,verified,12328.75477,en
774,video,UBCx/PSYC.1x/video/10ae29918fa2420882c1ee08289d8c82,10957843,f,verified,12328.75477,en
775,video,UBCx/PSYC.1x/video/cf73512fe4f04f4396c8faa30eae0725,7957707,f,audit,NA,NA
776,openassessment,UBCx/PSYC.1x/openassessment/48b05b1984e14612a2654ee7610edab7,10828481,m,verified,27366.080711,en
777,problem,UBCx/PSYC.1x/problem/4aebf076c528407a94dbbd65ee0531e5,10957843,f,verified,12328.75477,en
778,problem,UBCx/PSYC.1x/problem/acdd0a2e377443258167e4c7d507b971,10957843,f,verified,12328.75477,en
779,problem,UBCx/PSYC.1x/problem/ded6719b95fb4da6a2ce8be5cebbfc65,10957843,f,verified,12328.75477,en
780,openassessment,UBCx/PSYC.1x/openassessment/4ee16a22e45b4e53977f4143b24a70cd,10828481,m,verified,27366.080711,en
781,chapter,UBCx/PSYC.1x/chapter/4d6255b47eb04127825acb168a27f72d,12391002,NA,audit,642.576,NA
782,chapter,UBCx/PSYC.1x/chapter/5172164dac324a3f846d193eecd559e0,13767713,f,audit,NA,NA
783,video,UBCx/PSYC.1x/video/e89cd2f7f95a4d5f90f39d03ddab2796,13759044,m,audit,NA,NA
784,video,UBCx/PSYC.1x/video/87705fd28fcf403f9c877a4df5ec1d05,13206921,m,audit,531.050421,NA
785,video,UBCx/PSYC.1x/video/cf73512fe4f04f4396c8faa30eae0725,13206921,m,audit,531.050421,NA
786,problem,UBCx/PSYC.1x/problem/e51bd32bc27b4f50bb198587bda10796,13651740,m,audit,869.800617,en
787,problem,UBCx/PSYC.1x/problem/70dc9cdf31574a53af9488d8ea30bffd,13651740,m,audit,869.800617,en
788,problem,UBCx/PSYC.1x/problem/f120ceacc3004daabc2c2cc8c1d04c67,13206921,m,audit,531.050421,NA
789,problem,UBCx/PSYC.1x/problem/3d1e35c707134c9982c7855f720afa57,13206921,m,audit,531.050421,NA
790,problem,UBCx/PSYC.1x/problem/340923ead8d44f38a59050f8b7a345a7,13206921,m,audit,531.050421,NA
791,video,UBCx/PSYC.1x/video/e89cd2f7f95a4d5f90f39d03ddab2796,13206921,m,audit,531.050421,NA
792,chapter,UBCx/PSYC.1x/chapter/5172164dac324a3f846d193eecd559e0,8474018,m,audit,NA,NA
793,problem,UBCx/PSYC.1x/problem/e51bd32bc27b4f50bb198587bda10796,13744330,f,audit,26.145708,NA
794,problem,UBCx/PSYC.1x/problem/44ce17c8d0404ca89834f56d43a79384,13744330,f,audit,26.145708,NA
795,problem,UBCx/PSYC.1x/problem/70dc9cdf31574a53af9488d8ea30bffd,13744330,f,audit,26.145708,NA
796,problem,UBCx/PSYC.1x/problem/8a9c25a3ffff42a38782b9b06955a3e9,13206921,m,audit,531.050421,NA
797,problem,UBCx/PSYC.1x/problem/28e2d1e8558f4c138f50622235bb6af7,13206921,m,audit,531.050421,NA
798,problem,UBCx/PSYC.1x/problem/9377df1d781644248a22b8197e822e2b,13206921,m,audit,531.050421,NA
799,video,UBCx/PSYC.1x/video/af0e9bfccfe34b9c882ab7f127bc2fba,13206921,m,audit,531.050421,NA
800,video,UBCx/PSYC.1x/video/cf73512fe4f04f4396c8faa30eae0725,13744330,f,audit,26.145708,NA
801,chapter,UBCx/PSYC.1x/chapter/9343693e210b4e8ca7c0482fdc166d27,8474018,m,audit,NA,NA
802,video,UBCx/PSYC.1x/video/9e64391ce38142ba9845e1d081148d64,8474018,m,audit,NA,NA
803,problem,UBCx/PSYC.1x/problem/9d7f5c88ed7e434a9fe75eecae8e751a,13206921,m,audit,531.050421,NA
804,problem,UBCx/PSYC.1x/problem/75ef65eedc5c42ac9438d166e7d02094,13206921,m,audit,531.050421,NA
805,problem,UBCx/PSYC.1x/problem/2dd00ccca3e54bfe9aa0b8226a7cf91c,13206921,m,audit,531.050421,NA
806,problem,UBCx/PSYC.1x/problem/1733ae06aefb4775ab4d40ccf33f8481,13206921,m,audit,531.050421,NA
807,problem,UBCx/PSYC.1x/problem/c29b1f4056e643eab4bf6fd2527b69da,13206921,m,audit,531.050421,NA
808,problem,UBCx/PSYC.1x/problem/ebff357f22a84ab384b1266316a9abc5,13206921,m,audit,531.050421,NA
809,problem,UBCx/PSYC.1x/problem/51964721551844f2a3400e7dfb9c1826,13206921,m,audit,531.050421,NA
810,problem,UBCx/PSYC.1x/problem/0ca06c99f6cf43858db313496b24c875,13206921,m,audit,531.050421,NA
811,problem,UBCx/PSYC.1x/problem/a323131e4b324b22ae63a344c38db126,13206921,m,audit,531.050421,NA
812,problem,UBCx/PSYC.1x/problem/267037334246477292de19f39d794524,13206921,m,audit,531.050421,NA
813,problem,UBCx/PSYC.1x/problem/d08e4646b5624e9c8e433d25e140c66a,13206921,m,audit,531.050421,NA
814,problem,UBCx/PSYC.1x/problem/1f73f3c8545a4659a6e83cc146630a37,13206921,m,audit,531.050421,NA
815,problem,UBCx/PSYC.1x/problem/34ebb12934e24b6d8d9b7d14c40106b6,13206921,m,audit,531.050421,NA
816,problem,UBCx/PSYC.1x/problem/b0b325b440ef4c6e88864dd54392762a,13206921,m,audit,531.050421,NA
817,problem,UBCx/PSYC.1x/problem/e5340cd3b1a64bc7915a66544160451e,13206921,m,audit,531.050421,NA
818,problem,UBCx/PSYC.1x/problem/ca0f13b50da34458b9b0c6b208a010cc,13206921,m,audit,531.050421,NA
819,problem,UBCx/PSYC.1x/problem/88b82dbd63d945719f54581fbc5312f6,13206921,m,audit,531.050421,NA
820,problem,UBCx/PSYC.1x/problem/b3adf9d01467414e8c7f478a03f584a8,13206921,m,audit,531.050421,NA
821,problem,UBCx/PSYC.1x/problem/dda39c28dabc49d58c67114da0f5ebe1,13206921,m,audit,531.050421,NA
822,problem,UBCx/PSYC.1x/problem/b63c5c6923fc470c891c5d25208e45f5,13206921,m,audit,531.050421,NA
823,problem,UBCx/PSYC.1x/problem/f120ceacc3004daabc2c2cc8c1d04c67,13707204,f,audit,116.174408,en
824,problem,UBCx/PSYC.1x/problem/3d1e35c707134c9982c7855f720afa57,13707204,f,audit,116.174408,en
825,problem,UBCx/PSYC.1x/problem/340923ead8d44f38a59050f8b7a345a7,13707204,f,audit,116.174408,en
826,chapter,UBCx/PSYC.1x/chapter/c080216c47394f9591d9b36683747441,13206921,m,audit,531.050421,NA
827,video,UBCx/PSYC.1x/video/af0e9bfccfe34b9c882ab7f127bc2fba,13677103,f,audit,0.396335,NA
828,video,UBCx/PSYC.1x/video/55be59be4a7244249699f82ac7e438d6,13206921,m,audit,531.050421,NA
829,problem,UBCx/PSYC.1x/problem/aa3a2efe71f24efea840ab82252b3c47,13206921,m,audit,531.050421,NA
830,problem,UBCx/PSYC.1x/problem/02bd71fcf0b74576be265b605ccab4c2,13206921,m,audit,531.050421,NA
831,problem,UBCx/PSYC.1x/problem/16ba0faab5fd44458cc485ed3db9fbc6,13206921,m,audit,531.050421,NA
832,problem,UBCx/PSYC.1x/problem/da9bc1bdfcf94f65a3889525ff131d69,13206921,m,audit,531.050421,NA
833,problem,UBCx/PSYC.1x/problem/94c3bbfe360b4c58ba8760c5e501b607,13206921,m,audit,531.050421,NA
834,problem,UBCx/PSYC.1x/problem/8ab1b7110cd34c328cdecf4e0f67664c,13206921,m,audit,531.050421,NA
835,problem,UBCx/PSYC.1x/problem/3f79edcc10d1406da319bc11620a90af,13206921,m,audit,531.050421,NA
836,problem,UBCx/PSYC.1x/problem/d7b8586ad84d4a67ba627727d9dffa0f,13206921,m,audit,531.050421,NA
837,problem,UBCx/PSYC.1x/problem/b0f22a501adc49639bc6eb56bc2e5390,13206921,m,audit,531.050421,NA
838,problem,UBCx/PSYC.1x/problem/f120ceacc3004daabc2c2cc8c1d04c67,13744330,f,audit,26.145708,NA
839,problem,UBCx/PSYC.1x/problem/3d1e35c707134c9982c7855f720afa57,13744330,f,audit,26.145708,NA
840,problem,UBCx/PSYC.1x/problem/340923ead8d44f38a59050f8b7a345a7,13744330,f,audit,26.145708,NA
841,problem,UBCx/PSYC.1x/problem/9d7f5c88ed7e434a9fe75eecae8e751a,13677103,f,audit,0.396335,NA
842,problem,UBCx/PSYC.1x/problem/75ef65eedc5c42ac9438d166e7d02094,13677103,f,audit,0.396335,NA
843,problem,UBCx/PSYC.1x/problem/2dd00ccca3e54bfe9aa0b8226a7cf91c,13677103,f,audit,0.396335,NA
844,problem,UBCx/PSYC.1x/problem/1733ae06aefb4775ab4d40ccf33f8481,13677103,f,audit,0.396335,NA
845,problem,UBCx/PSYC.1x/problem/c29b1f4056e643eab4bf6fd2527b69da,13677103,f,audit,0.396335,NA
846,problem,UBCx/PSYC.1x/problem/ebff357f22a84ab384b1266316a9abc5,13677103,f,audit,0.396335,NA
847,problem,UBCx/PSYC.1x/problem/51964721551844f2a3400e7dfb9c1826,13677103,f,audit,0.396335,NA
848,problem,UBCx/PSYC.1x/problem/a323131e4b324b22ae63a344c38db126,13677103,f,audit,0.396335,NA
849,problem,UBCx/PSYC.1x/problem/267037334246477292de19f39d794524,13677103,f,audit,0.396335,NA
850,problem,UBCx/PSYC.1x/problem/d08e4646b5624e9c8e433d25e140c66a,13677103,f,audit,0.396335,NA
851,problem,UBCx/PSYC.1x/problem/1f73f3c8545a4659a6e83cc146630a37,13677103,f,audit,0.396335,NA
852,problem,UBCx/PSYC.1x/problem/34ebb12934e24b6d8d9b7d14c40106b6,13677103,f,audit,0.396335,NA
853,problem,UBCx/PSYC.1x/problem/b0b325b440ef4c6e88864dd54392762a,13677103,f,audit,0.396335,NA
854,problem,UBCx/PSYC.1x/problem/e5340cd3b1a64bc7915a66544160451e,13677103,f,audit,0.396335,NA
855,problem,UBCx/PSYC.1x/problem/ca0f13b50da34458b9b0c6b208a010cc,13677103,f,audit,0.396335,NA
856,problem,UBCx/PSYC.1x/problem/88b82dbd63d945719f54581fbc5312f6,13677103,f,audit,0.396335,NA
857,problem,UBCx/PSYC.1x/problem/b3adf9d01467414e8c7f478a03f584a8,13677103,f,audit,0.396335,NA
858,problem,UBCx/PSYC.1x/problem/dda39c28dabc49d58c67114da0f5ebe1,13677103,f,audit,0.396335,NA
859,problem,UBCx/PSYC.1x/problem/b63c5c6923fc470c891c5d25208e45f5,13677103,f,audit,0.396335,NA
860,video,UBCx/PSYC.1x/video/e89cd2f7f95a4d5f90f39d03ddab2796,13744330,f,audit,26.145708,NA
861,video,UBCx/PSYC.1x/video/9e64391ce38142ba9845e1d081148d64,13677103,f,audit,0.396335,NA
862,problem,UBCx/PSYC.1x/problem/8a9c25a3ffff42a38782b9b06955a3e9,13744330,f,audit,26.145708,NA
863,problem,UBCx/PSYC.1x/problem/28e2d1e8558f4c138f50622235bb6af7,13744330,f,audit,26.145708,NA
864,problem,UBCx/PSYC.1x/problem/9377df1d781644248a22b8197e822e2b,13744330,f,audit,26.145708,NA
865,video,UBCx/PSYC.1x/video/af0e9bfccfe34b9c882ab7f127bc2fba,13744330,f,audit,26.145708,NA
866,problem,UBCx/PSYC.1x/problem/9d7f5c88ed7e434a9fe75eecae8e751a,13744330,f,audit,26.145708,NA
867,problem,UBCx/PSYC.1x/problem/75ef65eedc5c42ac9438d166e7d02094,13744330,f,audit,26.145708,NA
868,problem,UBCx/PSYC.1x/problem/2dd00ccca3e54bfe9aa0b8226a7cf91c,13744330,f,audit,26.145708,NA
869,problem,UBCx/PSYC.1x/problem/1733ae06aefb4775ab4d40ccf33f8481,13744330,f,audit,26.145708,NA
870,problem,UBCx/PSYC.1x/problem/c29b1f4056e643eab4bf6fd2527b69da,13744330,f,audit,26.145708,NA
871,problem,UBCx/PSYC.1x/problem/ebff357f22a84ab384b1266316a9abc5,13744330,f,audit,26.145708,NA
872,problem,UBCx/PSYC.1x/problem/51964721551844f2a3400e7dfb9c1826,13744330,f,audit,26.145708,NA
873,problem,UBCx/PSYC.1x/problem/0ca06c99f6cf43858db313496b24c875,13744330,f,audit,26.145708,NA
874,problem,UBCx/PSYC.1x/problem/a323131e4b324b22ae63a344c38db126,13744330,f,audit,26.145708,NA
875,problem,UBCx/PSYC.1x/problem/267037334246477292de19f39d794524,13744330,f,audit,26.145708,NA
876,problem,UBCx/PSYC.1x/problem/d08e4646b5624e9c8e433d25e140c66a,13744330,f,audit,26.145708,NA
877,problem,UBCx/PSYC.1x/problem/1f73f3c8545a4659a6e83cc146630a37,13744330,f,audit,26.145708,NA
878,problem,UBCx/PSYC.1x/problem/34ebb12934e24b6d8d9b7d14c40106b6,13744330,f,audit,26.145708,NA
879,problem,UBCx/PSYC.1x/problem/b0b325b440ef4c6e88864dd54392762a,13744330,f,audit,26.145708,NA
880,problem,UBCx/PSYC.1x/problem/e5340cd3b1a64bc7915a66544160451e,13744330,f,audit,26.145708,NA
881,problem,UBCx/PSYC.1x/problem/ca0f13b50da34458b9b0c6b208a010cc,13744330,f,audit,26.145708,NA
882,problem,UBCx/PSYC.1x/problem/88b82dbd63d945719f54581fbc5312f6,13744330,f,audit,26.145708,NA
883,problem,UBCx/PSYC.1x/problem/b3adf9d01467414e8c7f478a03f584a8,13744330,f,audit,26.145708,NA
884,problem,UBCx/PSYC.1x/problem/dda39c28dabc49d58c67114da0f5ebe1,13744330,f,audit,26.145708,NA
885,problem,UBCx/PSYC.1x/problem/b63c5c6923fc470c891c5d25208e45f5,13744330,f,audit,26.145708,NA
886,chapter,UBCx/PSYC.1x/chapter/5172164dac324a3f846d193eecd559e0,12591351,m,audit,NA,NA
887,chapter,UBCx/PSYC.1x/chapter/9343693e210b4e8ca7c0482fdc166d27,12591351,m,audit,NA,NA
888,chapter,UBCx/PSYC.1x/chapter/5172164dac324a3f846d193eecd559e0,13758754,f,audit,46307.24216,en
889,chapter,UBCx/PSYC.1x/chapter/9343693e210b4e8ca7c0482fdc166d27,13758754,f,audit,46307.24216,en
890,problem,UBCx/PSYC.1x/problem/e51bd32bc27b4f50bb198587bda10796,13744476,f,audit,NA,NA
891,problem,UBCx/PSYC.1x/problem/44ce17c8d0404ca89834f56d43a79384,13744476,f,audit,NA,NA
892,problem,UBCx/PSYC.1x/problem/70dc9cdf31574a53af9488d8ea30bffd,13744476,f,audit,NA,NA
893,video,UBCx/PSYC.1x/video/cf73512fe4f04f4396c8faa30eae0725,13744476,f,audit,NA,NA
894,video,UBCx/PSYC.1x/video/55be59be4a7244249699f82ac7e438d6,2259709,f,audit,NA,NA
895,video,UBCx/PSYC.1x/video/9e64391ce38142ba9845e1d081148d64,12591351,m,audit,NA,NA
896,problem,UBCx/PSYC.1x/problem/c485d48ff609440697cae44eb1d5c611,2259709,f,audit,NA,NA
897,problem,UBCx/PSYC.1x/problem/cfc9335cd594445a94d7f9441920490a,2259709,f,audit,NA,NA
898,problem,UBCx/PSYC.1x/problem/42788669da09492fb92d6bbf41d90cca,2259709,f,audit,NA,NA
899,video,UBCx/PSYC.1x/video/e89cd2f7f95a4d5f90f39d03ddab2796,13744476,f,audit,NA,NA
900,video,UBCx/PSYC.1x/video/6d747a28b1004a2e99d67a36e368b607,2259709,f,audit,NA,NA
901,chapter,UBCx/PSYC.1x/chapter/9343693e210b4e8ca7c0482fdc166d27,5279376,m,audit,85.516125,NA
902,chapter,UBCx/PSYC.1x/chapter/c080216c47394f9591d9b36683747441,2334472,f,audit,NA,NA
903,problem,UBCx/PSYC.1x/problem/c485d48ff609440697cae44eb1d5c611,2334472,f,audit,NA,NA
904,problem,UBCx/PSYC.1x/problem/cfc9335cd594445a94d7f9441920490a,2334472,f,audit,NA,NA
905,problem,UBCx/PSYC.1x/problem/42788669da09492fb92d6bbf41d90cca,2334472,f,audit,NA,NA
906,chapter,UBCx/PSYC.1x/chapter/5172164dac324a3f846d193eecd559e0,9947703,NA,audit,NA,NA
907,problem,UBCx/PSYC.1x/problem/a3a5314728b94cc2839fe3d4cf85568c,2259709,f,audit,NA,NA
908,problem,UBCx/PSYC.1x/problem/afe9b9d4139c4ea18d64cdec21834c04,2259709,f,audit,NA,NA
909,problem,UBCx/PSYC.1x/problem/223450ceb0c54e599ffd1ca00d324264,2259709,f,audit,NA,NA
910,chapter,UBCx/PSYC.1x/chapter/9343693e210b4e8ca7c0482fdc166d27,9947703,NA,audit,NA,NA
911,video,UBCx/PSYC.1x/video/07942e5abfe4436e8b6f9121cdedd067,2259709,f,audit,NA,NA
912,video,UBCx/PSYC.1x/video/9e64391ce38142ba9845e1d081148d64,9947703,NA,audit,NA,NA
913,problem,UBCx/PSYC.1x/problem/a3a5314728b94cc2839fe3d4cf85568c,2334472,f,audit,NA,NA
914,problem,UBCx/PSYC.1x/problem/afe9b9d4139c4ea18d64cdec21834c04,2334472,f,audit,NA,NA
915,problem,UBCx/PSYC.1x/problem/223450ceb0c54e599ffd1ca00d324264,2334472,f,audit,NA,NA
916,chapter,UBCx/PSYC.1x/chapter/5172164dac324a3f846d193eecd559e0,11833861,m,verified,301.707269,NA
917,problem,UBCx/PSYC.1x/problem/09559307b70f4ffc8ff15888b7f1e47f,11649964,NA,audit,NA,NA
918,problem,UBCx/PSYC.1x/problem/b6235e3f67e34687a00a345e0a252f1e,11649964,NA,audit,NA,NA
919,problem,UBCx/PSYC.1x/problem/16bd6ccbff27417aa222b513195c7778,11649964,NA,audit,NA,NA
920,video,UBCx/PSYC.1x/video/10ae29918fa2420882c1ee08289d8c82,2259709,f,audit,NA,NA
921,chapter,UBCx/PSYC.1x/chapter/5172164dac324a3f846d193eecd559e0,12784622,m,audit,NA,NA
922,chapter,UBCx/PSYC.1x/chapter/5172164dac324a3f846d193eecd559e0,13771052,f,audit,265.217267,en
923,chapter,UBCx/PSYC.1x/chapter/9343693e210b4e8ca7c0482fdc166d27,13771052,f,audit,265.217267,en
924,video,UBCx/PSYC.1x/video/9e64391ce38142ba9845e1d081148d64,13771052,f,audit,265.217267,en
925,openassessment,UBCx/PSYC.1x/openassessment/48b05b1984e14612a2654ee7610edab7,13079866,f,audit,478.279548,NA
926,chapter,UBCx/PSYC.1x/chapter/9343693e210b4e8ca7c0482fdc166d27,13757794,m,audit,NA,NA
927,openassessment,UBCx/PSYC.1x/openassessment/1fcacf33548f426da9e1ba031f482863,9658450,f,audit,194.902977,NA
928,openassessment,UBCx/PSYC.1x/openassessment/4ee16a22e45b4e53977f4143b24a70cd,13079866,f,audit,478.279548,NA
929,chapter,UBCx/PSYC.1x/chapter/5172164dac324a3f846d193eecd559e0,13762125,m,audit,NA,NA
930,chapter,UBCx/PSYC.1x/chapter/5172164dac324a3f846d193eecd559e0,13771755,NA,audit,5611.438087,en
931,chapter,UBCx/PSYC.1x/chapter/9343693e210b4e8ca7c0482fdc166d27,13771755,NA,audit,5611.438087,en
932,video,UBCx/PSYC.1x/video/87705fd28fcf403f9c877a4df5ec1d05,10010452,f,audit,12581.208568,en
933,problem,UBCx/PSYC.1x/problem/e51bd32bc27b4f50bb198587bda10796,10010452,f,audit,12581.208568,en
934,problem,UBCx/PSYC.1x/problem/44ce17c8d0404ca89834f56d43a79384,10010452,f,audit,12581.208568,en
935,problem,UBCx/PSYC.1x/problem/70dc9cdf31574a53af9488d8ea30bffd,10010452,f,audit,12581.208568,en
936,video,UBCx/PSYC.1x/video/cf73512fe4f04f4396c8faa30eae0725,10010452,f,audit,12581.208568,en
937,problem,UBCx/PSYC.1x/problem/f120ceacc3004daabc2c2cc8c1d04c67,10010452,f,audit,12581.208568,en
938,problem,UBCx/PSYC.1x/problem/3d1e35c707134c9982c7855f720afa57,10010452,f,audit,12581.208568,en
939,problem,UBCx/PSYC.1x/problem/340923ead8d44f38a59050f8b7a345a7,10010452,f,audit,12581.208568,en
940,problem,UBCx/PSYC.1x/problem/d40db0d31b2d4b0c9e6fdc9df09dc7a1,13744330,f,audit,26.145708,NA
941,problem,UBCx/PSYC.1x/problem/c2ad9ad9a5ee4f428bcd6a5fe76f8261,13744330,f,audit,26.145708,NA
942,problem,UBCx/PSYC.1x/problem/4db23d5cb84f47bfa7e13e52922beb04,13744330,f,audit,26.145708,NA
943,problem,UBCx/PSYC.1x/problem/76af263f2f524503a8935d766cad5bdf,13744330,f,audit,26.145708,NA
944,problem,UBCx/PSYC.1x/problem/a81ceca3e4d14b1a944909ba6829d843,13744330,f,audit,26.145708,NA
945,problem,UBCx/PSYC.1x/problem/f2446117089a48d3a0d05f51d377bb3e,13744330,f,audit,26.145708,NA
946,problem,UBCx/PSYC.1x/problem/1037a288113c44c28e8fdfecf4b02bd3,13744330,f,audit,26.145708,NA
947,problem,UBCx/PSYC.1x/problem/1fd710ddfc044ba18719367c8b45370e,13744330,f,audit,26.145708,NA
948,video,UBCx/PSYC.1x/video/e89cd2f7f95a4d5f90f39d03ddab2796,10010452,f,audit,12581.208568,en
949,problem,UBCx/PSYC.1x/problem/8a9c25a3ffff42a38782b9b06955a3e9,10010452,f,audit,12581.208568,en
950,problem,UBCx/PSYC.1x/problem/28e2d1e8558f4c138f50622235bb6af7,10010452,f,audit,12581.208568,en
951,problem,UBCx/PSYC.1x/problem/9377df1d781644248a22b8197e822e2b,10010452,f,audit,12581.208568,en
952,problem,UBCx/PSYC.1x/problem/31f9a2f4549d4be3ae2d4265f506afd1,13079866,f,audit,478.279548,NA
953,problem,UBCx/PSYC.1x/problem/45a6e03157164c36a6c30bbb10f8ae08,13079866,f,audit,478.279548,NA
954,problem,UBCx/PSYC.1x/problem/35e0a1a76d4045f7b01f1cd2fe7a0bbc,13079866,f,audit,478.279548,NA
955,problem,UBCx/PSYC.1x/problem/faaa958144254ec9b87891b995ab0c33,13079866,f,audit,478.279548,NA
956,problem,UBCx/PSYC.1x/problem/c0e803770a6f4934bbbcbf6eb0c1294a,13079866,f,audit,478.279548,NA
957,problem,UBCx/PSYC.1x/problem/4f77726de2fb45b794ab9227b08b042c,13079866,f,audit,478.279548,NA
958,problem,UBCx/PSYC.1x/problem/1a97abc9d0f94151a01a0ae7274c45ea,13079866,f,audit,478.279548,NA
959,problem,UBCx/PSYC.1x/problem/5066a67f8a1a4da88742d2a1aac1e4c9,13079866,f,audit,478.279548,NA
960,problem,UBCx/PSYC.1x/problem/b39bd2749af44322aabb0f0c0ea3f403,13079866,f,audit,478.279548,NA
961,problem,UBCx/PSYC.1x/problem/742e43ad390a4744b844b5ec4ec92db1,13079866,f,audit,478.279548,NA
962,problem,UBCx/PSYC.1x/problem/572565c4957b42ebb304dd45300e5a0f,13079866,f,audit,478.279548,NA
963,problem,UBCx/PSYC.1x/problem/4f6755a00bb4437483595c46eae0e209,13079866,f,audit,478.279548,NA
964,problem,UBCx/PSYC.1x/problem/eb4fcd69ae4c44eb94201a015aaacfe3,13079866,f,audit,478.279548,NA
965,problem,UBCx/PSYC.1x/problem/291a2195688d469c9233d0d4fb5f8685,13079866,f,audit,478.279548,NA
966,problem,UBCx/PSYC.1x/problem/79ccb52a7ae94a3f91fb8f025aaf28f3,13079866,f,audit,478.279548,NA
967,problem,UBCx/PSYC.1x/problem/f38ad1199c7c415db8c75b47f029d2a0,13079866,f,audit,478.279548,NA
968,problem,UBCx/PSYC.1x/problem/f781ab20249743d49d1856b66e9e24ed,13079866,f,audit,478.279548,NA
969,problem,UBCx/PSYC.1x/problem/8de0fae6b4b54edea04dd51a8d6b8029,13079866,f,audit,478.279548,NA
970,problem,UBCx/PSYC.1x/problem/25b92f21189947718ec239130d863627,13079866,f,audit,478.279548,NA
971,problem,UBCx/PSYC.1x/problem/43e0eeb50b584882b0ce315e1d02d8a8,13079866,f,audit,478.279548,NA
972,video,UBCx/PSYC.1x/video/af0e9bfccfe34b9c882ab7f127bc2fba,10010452,f,audit,12581.208568,en
973,video,UBCx/PSYC.1x/video/b3cd46192a2441db9c42822a655f6b01,13744330,f,audit,26.145708,NA
974,video,UBCx/PSYC.1x/video/5820f0a88345476795333b2318d05bac,13744330,f,audit,26.145708,NA
975,video,UBCx/PSYC.1x/video/21e540d0301240cb83adb3fad1831ed0,13744330,f,audit,26.145708,NA
976,chapter,UBCx/PSYC.1x/chapter/c080216c47394f9591d9b36683747441,13744330,f,audit,26.145708,NA
977,video,UBCx/PSYC.1x/video/55be59be4a7244249699f82ac7e438d6,13744330,f,audit,26.145708,NA
978,problem,UBCx/PSYC.1x/problem/8d8c6c859fd5493690dc5cc4565b5419,13744330,f,audit,26.145708,NA
979,problem,UBCx/PSYC.1x/problem/aa3a2efe71f24efea840ab82252b3c47,13744330,f,audit,26.145708,NA
980,problem,UBCx/PSYC.1x/problem/02bd71fcf0b74576be265b605ccab4c2,13744330,f,audit,26.145708,NA
981,problem,UBCx/PSYC.1x/problem/16ba0faab5fd44458cc485ed3db9fbc6,13744330,f,audit,26.145708,NA
982,problem,UBCx/PSYC.1x/problem/da9bc1bdfcf94f65a3889525ff131d69,13744330,f,audit,26.145708,NA
983,problem,UBCx/PSYC.1x/problem/94c3bbfe360b4c58ba8760c5e501b607,13744330,f,audit,26.145708,NA
984,problem,UBCx/PSYC.1x/problem/8ab1b7110cd34c328cdecf4e0f67664c,13744330,f,audit,26.145708,NA
985,problem,UBCx/PSYC.1x/problem/3f79edcc10d1406da319bc11620a90af,13744330,f,audit,26.145708,NA
986,problem,UBCx/PSYC.1x/problem/d7b8586ad84d4a67ba627727d9dffa0f,13744330,f,audit,26.145708,NA
987,problem,UBCx/PSYC.1x/problem/b0f22a501adc49639bc6eb56bc2e5390,13744330,f,audit,26.145708,NA
988,video,UBCx/PSYC.1x/video/9e64391ce38142ba9845e1d081148d64,13771755,NA,audit,5611.438087,en
989,problem,UBCx/PSYC.1x/problem/09559307b70f4ffc8ff15888b7f1e47f,13771755,NA,audit,5611.438087,en
990,problem,UBCx/PSYC.1x/problem/b6235e3f67e34687a00a345e0a252f1e,13771755,NA,audit,5611.438087,en
991,problem,UBCx/PSYC.1x/problem/16bd6ccbff27417aa222b513195c7778,13771755,NA,audit,5611.438087,en
992,problem,UBCx/PSYC.1x/problem/2843558682a64e87aff61dab0700b2bc,13771755,NA,audit,5611.438087,en
993,problem,UBCx/PSYC.1x/problem/46b0f75ce41940969111276b59b1a1a6,13771755,NA,audit,5611.438087,en
994,problem,UBCx/PSYC.1x/problem/02574e7c0e714d4aa3b8da05c30f9e85,13771755,NA,audit,5611.438087,en
995,problem,UBCx/PSYC.1x/problem/fce85234a96648cdbc44c3c2332eb683,13771755,NA,audit,5611.438087,en
996,problem,UBCx/PSYC.1x/problem/21611b5817df49a4a0a8d7b61ce06700,13771755,NA,audit,5611.438087,en
997,problem,UBCx/PSYC.1x/problem/d43edb87174d431b8fdd1c4b6ae518b4,13771755,NA,audit,5611.438087,en
998,problem,UBCx/PSYC.1x/problem/47df020b76954426a6e2533c439282ff,13771755,NA,audit,5611.438087,en
999,openassessment,UBCx/PSYC.1x/openassessment/1c21ffed8ac64b58a185e2b40697e570,10010452,f,audit,12581.208568,en
1000,problem,UBCx/PSYC.1x/problem/9d7f5c88ed7e434a9fe75eecae8e751a,10010452,f,audit,12581.208568,en
