category,index,name,module_id,graded
lti,19,11c58261830f481caa8aac9c4cd8acda,UBCx/PSYC.1x/lti/11c58261830f481caa8aac9c4cd8acda,None
html,5,Syllabus,UBCx/PSYC.1x/sequential/8024ad96ea0d4ec3b9ff891a8dca096b/1,None
html,8,Course Outline,UBCx/PSYC.1x/sequential/729ef939f7894d109f2d5b52a0153c55/1,None
html,11,Getting Started,UBCx/PSYC.1x/sequential/4f7d8ba71271444a946b35623d892125/1,None
html,14,Course Team,UBCx/PSYC.1x/sequential/134a9f0b1c4b45228334ca553992e493/1,None
html,17,Introduce Yourself!,UBCx/PSYC.1x/sequential/9c66f60def2b43e0a61b6065bec3aeca/1,None
html,18,For the Course Team,UBCx/PSYC.1x/sequential/9c66f60def2b43e0a61b6065bec3aeca/1,None
html,22,Course Questions,UBCx/PSYC.1x/sequential/3fcef04e24654461b38069a186653b5b/1,None
html,25,Pre-Course Survey,UBCx/PSYC.1x/sequential/2fc09109b8a14ba2b35bb11997cedc5e/1,None
html,29,Introduction to Part 1,UBCx/PSYC.1x/sequential/bae4586b8df44807816169824403920c/1,None
html,57,What Is Psychology: Learning Goals,UBCx/PSYC.1x/sequential/bd9c75529bb94bd2b11e3a38cd5c1be1/1,None
html,60,Lecture Slides,UBCx/PSYC.1x/sequential/bd9c75529bb94bd2b11e3a38cd5c1be1/2,None
html,61,Discussion Instructions,UBCx/PSYC.1x/sequential/bd9c75529bb94bd2b11e3a38cd5c1be1/2,None
html,63,Glossary of Terms,UBCx/PSYC.1x/sequential/bd9c75529bb94bd2b11e3a38cd5c1be1/3,None
html,110,Web Resources,UBCx/PSYC.1x/sequential/79881c6fdd5f442d849aeb75d28c6ca8/1,None
html,136,Part 1 Quiz Answers,UBCx/PSYC.1x/sequential/db858e37ff5f4e87855059df798ca960/1,None
html,139,Introduction,UBCx/PSYC.1x/sequential/f603bfe0ace24a5badab451b72b7843e/1,None
html,141,Quiz Follow Up,UBCx/PSYC.1x/sequential/f603bfe0ace24a5badab451b72b7843e/1,None
html,144,Check Your Understanding,UBCx/PSYC.1x/sequential/f603bfe0ace24a5badab451b72b7843e/2,None
html,151,Neuroplasticity,UBCx/PSYC.1x/sequential/f603bfe0ace24a5badab451b72b7843e/3,None
html,152,Check Your Understanding,UBCx/PSYC.1x/sequential/f603bfe0ace24a5badab451b72b7843e/3,None
html,159,You Can Learn Anything,UBCx/PSYC.1x/sequential/f603bfe0ace24a5badab451b72b7843e/4,None
html,162,Share Your Story,UBCx/PSYC.1x/sequential/f603bfe0ace24a5badab451b72b7843e/5,None
html,165,Your Opinions,UBCx/PSYC.1x/sequential/f603bfe0ace24a5badab451b72b7843e/6,None
html,168,Part 1: General Discussion,UBCx/PSYC.1x/sequential/eca39484090446edb4b18e3389891030/1,None
html,169,Part 1: AP Psych Teachers General Discussion,UBCx/PSYC.1x/sequential/eca39484090446edb4b18e3389891030/1,None
html,170,Raw HTML,UBCx/PSYC.1x/sequential/eca39484090446edb4b18e3389891030/1,None
html,174,Introduction to Part 2,UBCx/PSYC.1x/sequential/0a9f7e4a913144d5b4de1872ba2a3e23/1,None
html,257,Web Resources,UBCx/PSYC.1x/sequential/9a9ac5d785404130bd8efaac71f7ffcb/1,None
html,283,Part 2 Quiz Answers,UBCx/PSYC.1x/sequential/a702e216808a47b2ae5bee19d5b80dff/1,None
html,286,Part 2: General Discussion,UBCx/PSYC.1x/sequential/d40ac320d7d54012977f2679d47a85d5/1,None
html,287,Part 2: AP Psych Teachers General Discussion,UBCx/PSYC.1x/sequential/d40ac320d7d54012977f2679d47a85d5/1,None
html,291,Introduction to Part 3,UBCx/PSYC.1x/sequential/11f693e669df4579add6d3a7448331fc/1,None
html,351,97c847ff77ea4f6ea79f6bba68330999,UBCx/PSYC.1x/sequential/3db61e58647d4102aa86b308892ea2a9/1,None
html,389,Web Resources,UBCx/PSYC.1x/sequential/4b586c1f090e4d29b4d768bfc4e7f9c5/1,None
html,415,Part 3 Quiz Answers,UBCx/PSYC.1x/sequential/88ebd7b2914a4e05b41174bdb11a9da9/1,None
html,418,Part 3: General Discussion,UBCx/PSYC.1x/sequential/10a346efa2ae4a0a84b7a1ef25273c7e/1,None
html,419,Part 3: AP Psych Teachers General Discussion,UBCx/PSYC.1x/sequential/10a346efa2ae4a0a84b7a1ef25273c7e/1,None
html,536,Please refresh the page now,UBCx/PSYC.1x/sequential/3fb99b761c4e495784fb02390d4c1c3b/1,None
html,540,Download the Slides,UBCx/PSYC.1x/sequential/ea6c72084e074d3f9f15e3ffc0517984/1,None
html,544,Course Conclusion,UBCx/PSYC.1x/sequential/ca09fc70356e4db28830148e0ae2b619/1,None
html,546,End of Course Survey,UBCx/PSYC.1x/sequential/ca09fc70356e4db28830148e0ae2b619/2,None
html,548,Course 2 Registration,UBCx/PSYC.1x/sequential/ca09fc70356e4db28830148e0ae2b619/3,None
video,31,Part 1 Introduction Video,UBCx/PSYC.1x/video/9e64391ce38142ba9845e1d081148d64,None
video,59,"Part 1, Lecture 1: What Is Psychology?",UBCx/PSYC.1x/video/87705fd28fcf403f9c877a4df5ec1d05,None
video,140,Quiz 1 Follow-Up: Introduction,UBCx/PSYC.1x/video/8834de240b21430898fd831c99f254d7,None
video,143,Growing Your Brain Power,UBCx/PSYC.1x/video/b3cd46192a2441db9c42822a655f6b01,None
video,150,Struggle => Strength,UBCx/PSYC.1x/video/da7fa03c3dec4d1f9c4ad3f2e92cf4e8,None
video,158,Learning takes effort,UBCx/PSYC.1x/video/5820f0a88345476795333b2318d05bac,None
video,161,Writing About Your Experience,UBCx/PSYC.1x/video/21e540d0301240cb83adb3fad1831ed0,None
video,176,Part 2 Introduction Video,UBCx/PSYC.1x/video/55be59be4a7244249699f82ac7e438d6,None
video,293,Part 3 Introduction Video,UBCx/PSYC.1x/video/3ad2be4a6ea340f1bf31e746912b290e,None
video,350,Demonstrating Scatterplots,UBCx/PSYC.1x/video/c7631c23686e4412ad5aef2f1d8a0967,None
video,381,Using Deception in Psychological Research,UBCx/PSYC.1x/video/3aa13375219f48a091e1b5f759f2d7ea,None
video,539,Free-Response Question 2: Grading Walkthrough,UBCx/PSYC.1x/video/21ef0259953d457fb56d833dba57fd8c,None
course,1,AP? Psychology - Part 1: What is Psychology?,UBCx/PSYC.1x/course/AP?_Psychology_-_Part_1_What_is_Psychology?,None
chapter,2,Course Information,UBCx/PSYC.1x/chapter/5172164dac324a3f846d193eecd559e0,None
chapter,26,Part 1: What Is Psychology?,UBCx/PSYC.1x/chapter/9343693e210b4e8ca7c0482fdc166d27,None
chapter,171,Part 2: Research Methods I,UBCx/PSYC.1x/chapter/c080216c47394f9591d9b36683747441,None
chapter,288,Part 3: Research Methods II,UBCx/PSYC.1x/chapter/2015cee924c3472cb8c3e6ec83b13077,None
chapter,420,Final Exam,UBCx/PSYC.1x/chapter/4d6255b47eb04127825acb168a27f72d,None
chapter,541,Course Conclusion,UBCx/PSYC.1x/chapter/7d40848038a74a5e984cb3f54518eea3,None
problem,145,V1Q1,UBCx/PSYC.1x/problem/d40db0d31b2d4b0c9e6fdc9df09dc7a1,None
problem,146,V1Q2,UBCx/PSYC.1x/problem/c2ad9ad9a5ee4f428bcd6a5fe76f8261,None
problem,147,V1Q3,UBCx/PSYC.1x/problem/4db23d5cb84f47bfa7e13e52922beb04,None
problem,148,V1Q4,UBCx/PSYC.1x/problem/76af263f2f524503a8935d766cad5bdf,None
problem,153,V2Q1,UBCx/PSYC.1x/problem/a81ceca3e4d14b1a944909ba6829d843,None
problem,154,V2Q2,UBCx/PSYC.1x/problem/f2446117089a48d3a0d05f51d377bb3e,None
problem,155,V2Q3,UBCx/PSYC.1x/problem/1037a288113c44c28e8fdfecf4b02bd3,None
problem,156,V2Q4,UBCx/PSYC.1x/problem/1fd710ddfc044ba18719367c8b45370e,None
problem,535,Reflection on Free Response Questions,UBCx/PSYC.1x/problem/36e841d57ba84d72ab70a69363d7126d,None
vertical,4,Syllabus,UBCx/PSYC.1x/vertical/432fccb1c63d47edbbc56751ffa0795a,None
vertical,7,Course Outline,UBCx/PSYC.1x/vertical/287f1f2472874cdf8c679d0c6dcf1957,None
vertical,10,Getting Started on edX,UBCx/PSYC.1x/vertical/a5eca5d15b644228bdbc33dbaf4d1f29,None
vertical,13,Course Team,UBCx/PSYC.1x/vertical/707418a295054ccf9fd9788b55b97109,None
vertical,16,Introduce Yourself!,UBCx/PSYC.1x/vertical/ab416c2cfefa4f55b9e3de7fae70a4b2,None
vertical,21,General Course Questions,UBCx/PSYC.1x/vertical/da9f5bda752343ee802e99bf4e6895d2,None
vertical,24,Pre-Course Survey,UBCx/PSYC.1x/vertical/a63aca98803749888a38e97034478897,None
vertical,28,Introduction to Part 1,UBCx/PSYC.1x/vertical/25f621d6ef1a465e9d945e569b806a1f,None
vertical,30,Part 1 Introduction Video,UBCx/PSYC.1x/vertical/fef03af9a05147ca8eff3f2e90c0a0b0,None
vertical,56,What Is Psychology: Learning Goals,UBCx/PSYC.1x/vertical/f82a11eca3e4462080594c08b189cd3e,None
vertical,58,"Part 1, Lecture 1: Video",UBCx/PSYC.1x/vertical/0a1840bc555742a2be6c73d783b542af,None
vertical,62,Glossary of Terms,UBCx/PSYC.1x/vertical/123eacf3c78f45b4ad467db40edcc6a4,None
vertical,109,Web Resources,UBCx/PSYC.1x/vertical/c63d795497ae4081827f16bcd33473b4,None
vertical,135,Part 1 Quiz Answers,UBCx/PSYC.1x/vertical/e933873e87094823a5319eee63967f20,None
vertical,138,Quiz 1 Follow-up,UBCx/PSYC.1x/vertical/c5f870e090c34894849016dc42d558a4,None
vertical,142,Growing Your Brain Power,UBCx/PSYC.1x/vertical/5d2a6841f162420fbd04ffa2f562f001,None
vertical,149,Neuroplasticity,UBCx/PSYC.1x/vertical/a003cbdf9acc4eeebd81576798f8eb2d,None
vertical,157,Learning Capacity,UBCx/PSYC.1x/vertical/8796205ca0e147ab8b3327cac7cea4ce,None
vertical,160,Sharing Strength,UBCx/PSYC.1x/vertical/1f36fed5380446f58a011dc923445b39,None
vertical,164,Your Opinions,UBCx/PSYC.1x/vertical/9d14abd1805546e9a954d212bfe91595,None
vertical,167,Part 1 General Discussion,UBCx/PSYC.1x/vertical/876e6407cfa04b53bc97e3bb15d32350,None
vertical,173,Introduction to Part 2,UBCx/PSYC.1x/vertical/83a9857fc1f84a5b86bac48285e52f9e,None
vertical,175,Part 2 Introduction Video,UBCx/PSYC.1x/vertical/4886861d089943afb7efedaf4a0c8756,None
vertical,256,Web Resources,UBCx/PSYC.1x/vertical/f5e3fe4f61f14568892d4d6a51ca71b1,None
vertical,282,Part 2 Quiz Answers,UBCx/PSYC.1x/vertical/53b2269798fc46c59f5ed3b9987d043a,None
vertical,285,Part 2 General Discussion,UBCx/PSYC.1x/vertical/5656c6528a9441ac9b250b7e9028f9ce,None
vertical,290,Introduction to Part 3,UBCx/PSYC.1x/vertical/053c9331c0a742fab7288410a048ad92,None
vertical,292,Part 3 Introduction Video,UBCx/PSYC.1x/vertical/b49eca2c74194721bed39503a9c1e558,None
vertical,349,Demonstration: Creating Scatterplots,UBCx/PSYC.1x/vertical/b767f2004754407388469f8992aeec5c,None
vertical,380,Using Deception in Psychological Research,UBCx/PSYC.1x/vertical/76391c4d633d49d4bad20eabf6aa003f,None
vertical,388,Web Resources,UBCx/PSYC.1x/vertical/0ef59f08b4a7454a964a61568e1c3ef0,None
vertical,414,Part 3 Quiz Answers,UBCx/PSYC.1x/vertical/e0a7ba60c1bd4e3e80a66645b134bc8a,None
vertical,417,Part 3 General Discussion,UBCx/PSYC.1x/vertical/efe188da9b934861b085ca325659a22c,None
vertical,534,Reflection on Free Response Questions,UBCx/PSYC.1x/vertical/d966a757f5714d1d91709809e0a26882,None
vertical,538,Free-Response Question 2: Grading Walkthrough,UBCx/PSYC.1x/vertical/e2c19e2d4c0b449d99bca8bb04f175f8,None
vertical,543,Course Conclusion,UBCx/PSYC.1x/vertical/d10636e4888e49ceb869e88d6d59f5de,None
vertical,545,End of Course Survey,UBCx/PSYC.1x/vertical/44f519196c664d35b912c8a58c652eef,None
vertical,547,Course 2 Registration,UBCx/PSYC.1x/vertical/83c0bec7dbaf44c1b9647682536a2c0d,None
sequential,3,Syllabus,UBCx/PSYC.1x/sequential/8024ad96ea0d4ec3b9ff891a8dca096b,None
sequential,6,Course Outline,UBCx/PSYC.1x/sequential/729ef939f7894d109f2d5b52a0153c55,None
sequential,9,Getting Started on edX,UBCx/PSYC.1x/sequential/4f7d8ba71271444a946b35623d892125,None
sequential,12,Course Team,UBCx/PSYC.1x/sequential/134a9f0b1c4b45228334ca553992e493,None
sequential,15,Introduce Yourself!,UBCx/PSYC.1x/sequential/9c66f60def2b43e0a61b6065bec3aeca,None
sequential,20,General Course Questions,UBCx/PSYC.1x/sequential/3fcef04e24654461b38069a186653b5b,None
sequential,23,Pre-Course Survey,UBCx/PSYC.1x/sequential/2fc09109b8a14ba2b35bb11997cedc5e,None
sequential,27,Introduction to Part 1,UBCx/PSYC.1x/sequential/bae4586b8df44807816169824403920c,None
sequential,55,What Is Psychology,UBCx/PSYC.1x/sequential/bd9c75529bb94bd2b11e3a38cd5c1be1,None
sequential,108,Web Resources,UBCx/PSYC.1x/sequential/79881c6fdd5f442d849aeb75d28c6ca8,None
sequential,134,Part 1 Quiz Answers,UBCx/PSYC.1x/sequential/db858e37ff5f4e87855059df798ca960,None
sequential,137,Part 1 Quiz Follow-Up,UBCx/PSYC.1x/sequential/f603bfe0ace24a5badab451b72b7843e,None
sequential,166,Part 1 General Discussion,UBCx/PSYC.1x/sequential/eca39484090446edb4b18e3389891030,None
sequential,172,Introduction to Part 2,UBCx/PSYC.1x/sequential/0a9f7e4a913144d5b4de1872ba2a3e23,None
sequential,255,Web Resources,UBCx/PSYC.1x/sequential/9a9ac5d785404130bd8efaac71f7ffcb,None
sequential,281,Part 2 Quiz Answers,UBCx/PSYC.1x/sequential/a702e216808a47b2ae5bee19d5b80dff,None
sequential,284,Part 2 General Discussion,UBCx/PSYC.1x/sequential/d40ac320d7d54012977f2679d47a85d5,None
sequential,289,Introduction to Part 3,UBCx/PSYC.1x/sequential/11f693e669df4579add6d3a7448331fc,None
sequential,348,Demonstration: Creating Scatterplots,UBCx/PSYC.1x/sequential/3db61e58647d4102aa86b308892ea2a9,None
sequential,379,Using Deception in Psychological Research,UBCx/PSYC.1x/sequential/af0c4006082545f79ac3e850e479e0ef,None
sequential,387,Web Resources,UBCx/PSYC.1x/sequential/4b586c1f090e4d29b4d768bfc4e7f9c5,None
sequential,413,Part 3 Quiz Answers,UBCx/PSYC.1x/sequential/88ebd7b2914a4e05b41174bdb11a9da9,None
sequential,416,Part 3 General Discussion,UBCx/PSYC.1x/sequential/10a346efa2ae4a0a84b7a1ef25273c7e,None
sequential,533,Free-Response Questions Reflection,UBCx/PSYC.1x/sequential/3fb99b761c4e495784fb02390d4c1c3b,None
sequential,537,Free-Response Question 2: Grading Walkthrough,UBCx/PSYC.1x/sequential/ea6c72084e074d3f9f15e3ffc0517984,None
sequential,542,Course Conclusion,UBCx/PSYC.1x/sequential/ca09fc70356e4db28830148e0ae2b619,None
openassessment,163,c89880416abf4a1bb3a80d0733917b9f,UBCx/PSYC.1x/openassessment/c89880416abf4a1bb3a80d0733917b9f,None
html,34,"Readings: Chapter 1, Introduction",UBCx/PSYC.1x/sequential/d469bbfa19454aaf934f4c4c54da6f87/1,true
html,36,"Readings: Chapter 1, Section 1.1",UBCx/PSYC.1x/sequential/d469bbfa19454aaf934f4c4c54da6f87/2,true
html,38,"Readings: Chapter 1, Section 1.2",UBCx/PSYC.1x/sequential/d469bbfa19454aaf934f4c4c54da6f87/3,true
html,40,"Readings: Chapter 1, Section 1.3",UBCx/PSYC.1x/sequential/d469bbfa19454aaf934f4c4c54da6f87/4,true
html,42,"Readings: Chapter 1, Section 1.4",UBCx/PSYC.1x/sequential/d469bbfa19454aaf934f4c4c54da6f87/5,true
html,44,Instructions,UBCx/PSYC.1x/sequential/d469bbfa19454aaf934f4c4c54da6f87/6,true
html,66,History of Psychology: Learning Goals,UBCx/PSYC.1x/sequential/24aaa1a9e98e4f5da2886d222418f53e/1,true
html,69,Lecture Slides,UBCx/PSYC.1x/sequential/24aaa1a9e98e4f5da2886d222418f53e/2,true
html,71,Glossary of Terms,UBCx/PSYC.1x/sequential/24aaa1a9e98e4f5da2886d222418f53e/3,true
html,73,Instructions,UBCx/PSYC.1x/sequential/24aaa1a9e98e4f5da2886d222418f53e/4,true
html,79,Contemporary Psychology: Learning Goals,UBCx/PSYC.1x/sequential/de659c7345ea4349a0964f5aea0250eb/1,true
html,82,Lecture Slides,UBCx/PSYC.1x/sequential/de659c7345ea4349a0964f5aea0250eb/2,true
html,84,Glossary of Terms,UBCx/PSYC.1x/sequential/de659c7345ea4349a0964f5aea0250eb/3,true
html,86,Instructions,UBCx/PSYC.1x/sequential/de659c7345ea4349a0964f5aea0250eb/4,true
html,92,Learning Tips: Learning Goals,UBCx/PSYC.1x/sequential/cb3a39e734114b14840eda31b9440f71/1,true
html,95,Lecture Slides,UBCx/PSYC.1x/sequential/cb3a39e734114b14840eda31b9440f71/2,true
html,97,Glossary of Terms,UBCx/PSYC.1x/sequential/cb3a39e734114b14840eda31b9440f71/3,true
html,99,Instructions,UBCx/PSYC.1x/sequential/cb3a39e734114b14840eda31b9440f71/4,true
html,105,Instructions - Part 1 Discussion Questions,UBCx/PSYC.1x/sequential/83a1e0d880414d5681559f413356c114/1,true
html,113,A Note About the Quiz Format,UBCx/PSYC.1x/sequential/bc52f8f78bf1484ca36236d245377e67/1,true
html,179,"Readings: Chapter 2, Introduction",UBCx/PSYC.1x/sequential/7bbf5e7db7b14bd5af987ba913855eb5/1,true
html,181,"Readings: Chapter 2, Section 2.1",UBCx/PSYC.1x/sequential/7bbf5e7db7b14bd5af987ba913855eb5/2,true
html,183,"Readings: Chapter 2, Section 2.2",UBCx/PSYC.1x/sequential/7bbf5e7db7b14bd5af987ba913855eb5/3,true
html,185,"Readings: Chapter 2, Section 2.4",UBCx/PSYC.1x/sequential/7bbf5e7db7b14bd5af987ba913855eb5/4,true
html,187,Instructions,UBCx/PSYC.1x/sequential/7bbf5e7db7b14bd5af987ba913855eb5/5,true
html,200,The Need for Psychological Science: Learning Goals,UBCx/PSYC.1x/sequential/7ce739425f0e48229aa16b1e963ebf51/1,true
html,203,Lecture Slides,UBCx/PSYC.1x/sequential/7ce739425f0e48229aa16b1e963ebf51/2,true
html,205,Glossary of Terms,UBCx/PSYC.1x/sequential/7ce739425f0e48229aa16b1e963ebf51/3,true
html,207,Instructions,UBCx/PSYC.1x/sequential/7ce739425f0e48229aa16b1e963ebf51/4,true
html,213,The Scientific Method: Learning Goals,UBCx/PSYC.1x/sequential/e55c5c8343cb4a4db8bd78944f9fcd1c/1,true
html,216,Lecture Slides,UBCx/PSYC.1x/sequential/e55c5c8343cb4a4db8bd78944f9fcd1c/2,true
html,218,Glossary of Terms,UBCx/PSYC.1x/sequential/e55c5c8343cb4a4db8bd78944f9fcd1c/3,true
html,220,Instructions,UBCx/PSYC.1x/sequential/e55c5c8343cb4a4db8bd78944f9fcd1c/4,true
html,226,Methods - Description of Behavior: Learning Goals,UBCx/PSYC.1x/sequential/e61d417129fd4973a96142df025ca608/1,true
html,229,Lecture Slides,UBCx/PSYC.1x/sequential/e61d417129fd4973a96142df025ca608/2,true
html,231,Glossary of Terms,UBCx/PSYC.1x/sequential/e61d417129fd4973a96142df025ca608/3,true
html,233,Instructions,UBCx/PSYC.1x/sequential/e61d417129fd4973a96142df025ca608/4,true
html,239,Methods - Correlation: Learning Goals,UBCx/PSYC.1x/sequential/3efc4c88b20942a2867e130156740c1d/1,true
html,242,Lecture Slides,UBCx/PSYC.1x/sequential/3efc4c88b20942a2867e130156740c1d/2,true
html,244,Glossary of Terms,UBCx/PSYC.1x/sequential/3efc4c88b20942a2867e130156740c1d/3,true
html,246,Instructions,UBCx/PSYC.1x/sequential/3efc4c88b20942a2867e130156740c1d/4,true
html,252,Instructions - Part 2 Discussion Questions,UBCx/PSYC.1x/sequential/e7203886c21741a88ebec12a2c272977/1,true
html,260,A Note About the Quiz Format,UBCx/PSYC.1x/sequential/8810d9a17e1d4142a408c8b10ddfc6da/1,true
html,296,"Readings: Chapter 2, Section 2.3",UBCx/PSYC.1x/sequential/4ce84023cb1841cdb637a904bdf2cd08/1,true
html,298,Instructions,UBCx/PSYC.1x/sequential/4ce84023cb1841cdb637a904bdf2cd08/2,true
html,311,Methods - Experimentation: Learning Goals,UBCx/PSYC.1x/sequential/56789f7e0f594251a7e340753cb357e4/1,true
html,314,Lecture Slides,UBCx/PSYC.1x/sequential/56789f7e0f594251a7e340753cb357e4/2,true
html,316,Glossary of Terms,UBCx/PSYC.1x/sequential/56789f7e0f594251a7e340753cb357e4/3,true
html,318,Instructions,UBCx/PSYC.1x/sequential/56789f7e0f594251a7e340753cb357e4/4,true
html,324,Statistical Reasoning - Describing Data I: Learning Goals,UBCx/PSYC.1x/sequential/cc7f6222de124bc2991554b50100c824/1,true
html,327,Lecture Slides,UBCx/PSYC.1x/sequential/cc7f6222de124bc2991554b50100c824/2,true
html,329,Glossary of Terms,UBCx/PSYC.1x/sequential/cc7f6222de124bc2991554b50100c824/3,true
html,331,Instructions,UBCx/PSYC.1x/sequential/cc7f6222de124bc2991554b50100c824/4,true
html,337,Statistical Reasoning - Describing Data II: Learning Goals,UBCx/PSYC.1x/sequential/e66a6ddbf28d49b2ad6ebe1e24d76cf2/1,true
html,340,Lecture Slides,UBCx/PSYC.1x/sequential/e66a6ddbf28d49b2ad6ebe1e24d76cf2/2,true
html,342,Glossary of Terms,UBCx/PSYC.1x/sequential/e66a6ddbf28d49b2ad6ebe1e24d76cf2/3,true
html,344,Instructions,UBCx/PSYC.1x/sequential/e66a6ddbf28d49b2ad6ebe1e24d76cf2/4,true
html,354,Statistical Reasoning - Making Inferences: Learning Goals,UBCx/PSYC.1x/sequential/760775730326427fbc525f535f6edf48/1,true
html,357,Lecture Slides,UBCx/PSYC.1x/sequential/760775730326427fbc525f535f6edf48/2,true
html,359,Glossary of Terms,UBCx/PSYC.1x/sequential/760775730326427fbc525f535f6edf48/3,true
html,361,Instructions,UBCx/PSYC.1x/sequential/760775730326427fbc525f535f6edf48/4,true
html,367,Psychology FAQ: Learning Goals,UBCx/PSYC.1x/sequential/2225a619324c415fb9ce87dcb73f0142/1,true
html,370,Lecture Slides,UBCx/PSYC.1x/sequential/2225a619324c415fb9ce87dcb73f0142/2,true
html,372,Glossary of Terms,UBCx/PSYC.1x/sequential/2225a619324c415fb9ce87dcb73f0142/3,true
html,374,Instructions,UBCx/PSYC.1x/sequential/2225a619324c415fb9ce87dcb73f0142/4,true
html,384,Instructions - Part 3 Discussion Questions,UBCx/PSYC.1x/sequential/e7de65961c314ea2b5673cc44a922bde/1,true
html,392,A Note About the Quiz Format,UBCx/PSYC.1x/sequential/9af47b1aabdc43bda355834b8253e877/1,true
html,423,Directions,UBCx/PSYC.1x/sequential/de84e964269e4096ad24258c5f15c1ea/1,true
html,424,Timer,UBCx/PSYC.1x/sequential/de84e964269e4096ad24258c5f15c1ea/1,true
html,528,Directions,UBCx/PSYC.1x/sequential/bc85aa667887432eaf3c746e436f96b2/1,true
html,529,Timer,UBCx/PSYC.1x/sequential/bc85aa667887432eaf3c746e436f96b2/1,true
video,68,"Part 1, Lecture 2: History of Psychology",UBCx/PSYC.1x/video/cf73512fe4f04f4396c8faa30eae0725,true
video,81,"Part 1, Lecture 3: Contemporary Psychology",UBCx/PSYC.1x/video/e89cd2f7f95a4d5f90f39d03ddab2796,true
video,94,"Part 1, Lecture 4: Learning Tips",UBCx/PSYC.1x/video/af0e9bfccfe34b9c882ab7f127bc2fba,true
video,202,"Part 2, Lecture 1: The Need for Psychological Science",UBCx/PSYC.1x/video/6d747a28b1004a2e99d67a36e368b607,true
video,215,"Part 2, Lecture 2: The Scientific Method",UBCx/PSYC.1x/video/07942e5abfe4436e8b6f9121cdedd067,true
video,228,"Part 2, Lecture 3: Description of Behavior",UBCx/PSYC.1x/video/10ae29918fa2420882c1ee08289d8c82,true
video,241,"Part 2, Lecture 4: Methods - Correlation",UBCx/PSYC.1x/video/7d3b917ffec34f4db19a4e20aebfb421,true
video,313,"Part 3, Lecture 1:  Methods - Experimentation",UBCx/PSYC.1x/video/48c43cc2b3614aea9d5251db2fcb6dec,true
video,326,"Part 3, Lecture 2: Statistical Reasoning - Describing Data I",UBCx/PSYC.1x/video/dec5f7321e38481a9cdaba33dc06f070,true
video,339,"Part 3, Lecture 3: Statistical Reasoning - Describing Data II",UBCx/PSYC.1x/video/890248598ff249db80aead65a2576362,true
video,356,"Part 3, Lecture 4: Statistical Reasoning - Making Inferences",UBCx/PSYC.1x/video/961c168d482e482a92085949a9720b85,true
video,369,"Part 3, Lecture 5: Psychology FAQ",UBCx/PSYC.1x/video/40f4f14815dc47749f8d2d538406dcf8,true
problem,45,Part 1 Readings Review: Question 1,UBCx/PSYC.1x/problem/09559307b70f4ffc8ff15888b7f1e47f,true
problem,46,Part 1 Readings Review: Question 2,UBCx/PSYC.1x/problem/b6235e3f67e34687a00a345e0a252f1e,true
problem,47,Part 1 Readings Review: Question 3,UBCx/PSYC.1x/problem/16bd6ccbff27417aa222b513195c7778,true
problem,48,Part 1 Readings Review: Question 4,UBCx/PSYC.1x/problem/2843558682a64e87aff61dab0700b2bc,true
problem,49,Part 1 Readings Review: Question 5,UBCx/PSYC.1x/problem/46b0f75ce41940969111276b59b1a1a6,true
problem,50,Part 1 Readings Review: Question 6,UBCx/PSYC.1x/problem/02574e7c0e714d4aa3b8da05c30f9e85,true
problem,51,Part 1 Readings Review: Question 7,UBCx/PSYC.1x/problem/fce85234a96648cdbc44c3c2332eb683,true
problem,52,Part 1 Readings Review: Question 8,UBCx/PSYC.1x/problem/21611b5817df49a4a0a8d7b61ce06700,true
problem,53,Part 1 Readings Review: Question 9,UBCx/PSYC.1x/problem/d43edb87174d431b8fdd1c4b6ae518b4,true
problem,54,Part 1 Readings Review: Question 10,UBCx/PSYC.1x/problem/47df020b76954426a6e2533c439282ff,true
problem,74,"Part 1, Lecture 2: Self-Check Question 1",UBCx/PSYC.1x/problem/e51bd32bc27b4f50bb198587bda10796,true
problem,75,"Part 1, Lecture 2: Self-Check Question 2",UBCx/PSYC.1x/problem/44ce17c8d0404ca89834f56d43a79384,true
problem,76,"Part 1, Lecture 2: Self-Check Question 3",UBCx/PSYC.1x/problem/70dc9cdf31574a53af9488d8ea30bffd,true
problem,87,"Part 1, Lecture 3: Self-Check Question 1",UBCx/PSYC.1x/problem/f120ceacc3004daabc2c2cc8c1d04c67,true
problem,88,"Part 1, Lecture 3: Self-Check Question 2",UBCx/PSYC.1x/problem/3d1e35c707134c9982c7855f720afa57,true
problem,89,"Part 1, Lecture 3: Self-Check Question 3",UBCx/PSYC.1x/problem/340923ead8d44f38a59050f8b7a345a7,true
problem,100,"Part 1, Lecture 4: Self-Check Question 1",UBCx/PSYC.1x/problem/8a9c25a3ffff42a38782b9b06955a3e9,true
problem,101,"Part 1, Lecture 4: Self-Check Question 2",UBCx/PSYC.1x/problem/28e2d1e8558f4c138f50622235bb6af7,true
problem,102,"Part 1, Lecture 4: Self-Check Question 3",UBCx/PSYC.1x/problem/9377df1d781644248a22b8197e822e2b,true
problem,114,Part 1 Quiz: Question 1,UBCx/PSYC.1x/problem/9d7f5c88ed7e434a9fe75eecae8e751a,true
problem,115,Part 1 Quiz: Question 2,UBCx/PSYC.1x/problem/75ef65eedc5c42ac9438d166e7d02094,true
problem,116,Part 1 Quiz: Question 3,UBCx/PSYC.1x/problem/2dd00ccca3e54bfe9aa0b8226a7cf91c,true
problem,117,Part 1 Quiz: Question 4,UBCx/PSYC.1x/problem/1733ae06aefb4775ab4d40ccf33f8481,true
problem,118,Part 1 Quiz: Question 5,UBCx/PSYC.1x/problem/c29b1f4056e643eab4bf6fd2527b69da,true
problem,119,Part 1 Quiz: Question 6,UBCx/PSYC.1x/problem/ebff357f22a84ab384b1266316a9abc5,true
problem,120,Part 1 Quiz: Question 7,UBCx/PSYC.1x/problem/51964721551844f2a3400e7dfb9c1826,true
problem,121,Part 1 Quiz: Question 8,UBCx/PSYC.1x/problem/0ca06c99f6cf43858db313496b24c875,true
problem,122,Part 1 Quiz: Question 9,UBCx/PSYC.1x/problem/a323131e4b324b22ae63a344c38db126,true
problem,123,Part 1 Quiz: Question 10,UBCx/PSYC.1x/problem/267037334246477292de19f39d794524,true
problem,124,Part 1 Quiz: Question 11,UBCx/PSYC.1x/problem/d08e4646b5624e9c8e433d25e140c66a,true
problem,125,Part 1 Quiz: Question 12,UBCx/PSYC.1x/problem/1f73f3c8545a4659a6e83cc146630a37,true
problem,126,Part 1 Quiz: Question 13,UBCx/PSYC.1x/problem/34ebb12934e24b6d8d9b7d14c40106b6,true
problem,127,Part 1 Quiz: Question 14,UBCx/PSYC.1x/problem/b0b325b440ef4c6e88864dd54392762a,true
problem,128,Part 1 Quiz: Question 15,UBCx/PSYC.1x/problem/e5340cd3b1a64bc7915a66544160451e,true
problem,129,Part 1 Quiz: Question 16,UBCx/PSYC.1x/problem/ca0f13b50da34458b9b0c6b208a010cc,true
problem,130,Part 1 Quiz: Question 17,UBCx/PSYC.1x/problem/88b82dbd63d945719f54581fbc5312f6,true
problem,131,Part 1 Quiz: Question 18,UBCx/PSYC.1x/problem/b3adf9d01467414e8c7f478a03f584a8,true
problem,132,Part 1 Quiz: Question 19,UBCx/PSYC.1x/problem/dda39c28dabc49d58c67114da0f5ebe1,true
problem,133,Part 1 Quiz: Question 20,UBCx/PSYC.1x/problem/b63c5c6923fc470c891c5d25208e45f5,true
problem,188,Part 2 Readings Review: Question 1,UBCx/PSYC.1x/problem/8d8c6c859fd5493690dc5cc4565b5419,true
problem,189,Part 2 Readings Review: Question 2,UBCx/PSYC.1x/problem/aa3a2efe71f24efea840ab82252b3c47,true
problem,190,Part 2 Readings Review: Question 3,UBCx/PSYC.1x/problem/02bd71fcf0b74576be265b605ccab4c2,true
problem,191,Part 2 Readings Review: Question 4,UBCx/PSYC.1x/problem/16ba0faab5fd44458cc485ed3db9fbc6,true
problem,192,Part 2 Readings Review: Question 5,UBCx/PSYC.1x/problem/da9bc1bdfcf94f65a3889525ff131d69,true
problem,193,Part 2 Readings Review: Question 6,UBCx/PSYC.1x/problem/94c3bbfe360b4c58ba8760c5e501b607,true
problem,194,Part 2 Readings Review: Question 7,UBCx/PSYC.1x/problem/8ab1b7110cd34c328cdecf4e0f67664c,true
problem,195,Part 2 Readings Review: Question 8,UBCx/PSYC.1x/problem/3f79edcc10d1406da319bc11620a90af,true
problem,196,Part 2 Readings Review: Question 9,UBCx/PSYC.1x/problem/d7b8586ad84d4a67ba627727d9dffa0f,true
problem,197,Part 2 Readings Review: Question 10,UBCx/PSYC.1x/problem/b0f22a501adc49639bc6eb56bc2e5390,true
problem,208,"Part 2, Lecture 1: Self-Check Question 1",UBCx/PSYC.1x/problem/c485d48ff609440697cae44eb1d5c611,true
problem,209,"Part 2, Lecture 1: Self-Check Question 2",UBCx/PSYC.1x/problem/cfc9335cd594445a94d7f9441920490a,true
problem,210,"Part 2, Lecture 1: Self-Check Question 3",UBCx/PSYC.1x/problem/42788669da09492fb92d6bbf41d90cca,true
problem,221,"Part 2, Lecture 2: Self-Check Question 1",UBCx/PSYC.1x/problem/a3a5314728b94cc2839fe3d4cf85568c,true
problem,222,"Part 2, Lecture 2: Self-Check Question 2",UBCx/PSYC.1x/problem/afe9b9d4139c4ea18d64cdec21834c04,true
problem,223,"Part 2, Lecture 2: Self-Check Question 3",UBCx/PSYC.1x/problem/223450ceb0c54e599ffd1ca00d324264,true
problem,234,"Part 2, Lecture 3: Self-Check Question 1",UBCx/PSYC.1x/problem/84f53f2fae35449595ce5bc46a1f2c80,true
problem,235,"Part 2, Lecture 3: Self-Check Question 2",UBCx/PSYC.1x/problem/37d9b2c81d1c43cb930867f69502b911,true
problem,236,"Part 2, Lecture 3: Self-Check Question 3",UBCx/PSYC.1x/problem/adbbe8feb70e4a1fb1bd08be450ccc31,true
problem,247,"Part 2, Lecture 4: Self-Check Question 1",UBCx/PSYC.1x/problem/4aebf076c528407a94dbbd65ee0531e5,true
problem,248,"Part 2, Lecture 4: Self-Check Question 2",UBCx/PSYC.1x/problem/acdd0a2e377443258167e4c7d507b971,true
problem,249,"Part 2, Lecture 4: Self-Check Question 3",UBCx/PSYC.1x/problem/ded6719b95fb4da6a2ce8be5cebbfc65,true
problem,261,Part 2 Quiz: Question 1,UBCx/PSYC.1x/problem/31f9a2f4549d4be3ae2d4265f506afd1,true
problem,262,Part 2 Quiz: Question 2,UBCx/PSYC.1x/problem/45a6e03157164c36a6c30bbb10f8ae08,true
problem,263,Part 2 Quiz: Question 3,UBCx/PSYC.1x/problem/35e0a1a76d4045f7b01f1cd2fe7a0bbc,true
problem,264,Part 2 Quiz: Question 4,UBCx/PSYC.1x/problem/faaa958144254ec9b87891b995ab0c33,true
problem,265,Part 2 Quiz: Question 5,UBCx/PSYC.1x/problem/c0e803770a6f4934bbbcbf6eb0c1294a,true
problem,266,Part 2 Quiz: Question 6,UBCx/PSYC.1x/problem/4f77726de2fb45b794ab9227b08b042c,true
problem,267,Part 2 Quiz: Question 7,UBCx/PSYC.1x/problem/1a97abc9d0f94151a01a0ae7274c45ea,true
problem,268,Part 2 Quiz: Question 8,UBCx/PSYC.1x/problem/5066a67f8a1a4da88742d2a1aac1e4c9,true
problem,269,Part 2 Quiz: Question 9,UBCx/PSYC.1x/problem/b39bd2749af44322aabb0f0c0ea3f403,true
problem,270,Part 2 Quiz: Question 10,UBCx/PSYC.1x/problem/742e43ad390a4744b844b5ec4ec92db1,true
problem,271,Part 2 Quiz: Question 11,UBCx/PSYC.1x/problem/572565c4957b42ebb304dd45300e5a0f,true
problem,272,Part 2 Quiz: Question 12,UBCx/PSYC.1x/problem/4f6755a00bb4437483595c46eae0e209,true
problem,273,Part 2 Quiz: Question 13,UBCx/PSYC.1x/problem/eb4fcd69ae4c44eb94201a015aaacfe3,true
problem,274,Part 2 Quiz: Question 14,UBCx/PSYC.1x/problem/291a2195688d469c9233d0d4fb5f8685,true
problem,275,Part 2 Quiz: Question 15,UBCx/PSYC.1x/problem/79ccb52a7ae94a3f91fb8f025aaf28f3,true
problem,276,Part 2 Quiz: Question 16,UBCx/PSYC.1x/problem/f38ad1199c7c415db8c75b47f029d2a0,true
problem,277,Part 2 Quiz: Question 17,UBCx/PSYC.1x/problem/f781ab20249743d49d1856b66e9e24ed,true
problem,278,Part 2 Quiz: Question 18,UBCx/PSYC.1x/problem/8de0fae6b4b54edea04dd51a8d6b8029,true
problem,279,Part 2 Quiz: Question 19,UBCx/PSYC.1x/problem/25b92f21189947718ec239130d863627,true
problem,280,Part 2 Quiz: Question 20,UBCx/PSYC.1x/problem/43e0eeb50b584882b0ce315e1d02d8a8,true
problem,299,Part 3 Reading Review: Question 1,UBCx/PSYC.1x/problem/217ce21b0a914812a4f3ac4a6ec813f1,true
problem,300,Part 3 Reading Review: Question 2,UBCx/PSYC.1x/problem/813a6656051a46be98abc4d97b4e9b34,true
problem,301,Part 3 Reading Review: Question 3,UBCx/PSYC.1x/problem/18d8f9b3a2624382b86e069660c78d7e,true
problem,302,Part 3 Reading Review: Question 4,UBCx/PSYC.1x/problem/60626d3f75914df882d6b9c151635e3b,true
problem,303,Part 3 Reading Review: Question 5,UBCx/PSYC.1x/problem/1303ec736e2d42a9ba8015114b7b2627,true
problem,304,Part 3 Reading Review: Question 6,UBCx/PSYC.1x/problem/0c529eb254cb46189013581d9266c2cf,true
problem,305,Part 3 Reading Review: Question 7,UBCx/PSYC.1x/problem/adee3da770554085a33c8e963fc5db5f,true
problem,306,Part 3 Reading Review: Question 8,UBCx/PSYC.1x/problem/f150cbb3ffec4cecb4b489e5ef861697,true
problem,307,Part 3 Reading Review: Question 9,UBCx/PSYC.1x/problem/0c9d227d06b245e5b8bbd7c44e90cbc4,true
problem,308,Part 3 Reading Review: Question 10,UBCx/PSYC.1x/problem/806ab9433a824f5ea227fccb8970289e,true
problem,319,"Part 3, Lecture 1: Self-Check Question 1",UBCx/PSYC.1x/problem/cac0a50e491f4d94b31bb0ba284c219f,true
problem,320,"Part 3, Lecture 1: Self-Check Question 2",UBCx/PSYC.1x/problem/be7864fa88674e068b7fa33c7318c139,true
problem,321,"Part 3, Lecture 1: Self-Check Question 3",UBCx/PSYC.1x/problem/6cc4b7724c804f8384363e9c5567e60c,true
problem,332,"Part 3, Lecture 2: Self-Check Question 1",UBCx/PSYC.1x/problem/74f9e619341a4c32a80b2ab9b2207079,true
problem,333,"Part 3, Lecture 2: Self-Check Question 2",UBCx/PSYC.1x/problem/c24bbff7573c4056a48fdf221cbbafad,true
problem,334,"Part 3, Lecture 2: Self-Check Question 3",UBCx/PSYC.1x/problem/edd2a1b9eaba4800b85c7c4cedfad60f,true
problem,345,"Part 3, Lecture 3: Self-Check Question 1",UBCx/PSYC.1x/problem/7d60ff9ab75f4426b117bae165432dcf,true
problem,346,"Part 3, Lecture 3: Self-Check Question 2",UBCx/PSYC.1x/problem/bfb714b1d7804bc29b802d2b581c3545,true
problem,347,"Part 3, Lecture 3: Self-Check Question 3",UBCx/PSYC.1x/problem/9a7dead07eb1445e8d99dc399b36e3bb,true
problem,362,"Part 3, Lecture 4: Self-Check Question 1",UBCx/PSYC.1x/problem/c12205475b8e42b7b33030223ccfdaed,true
problem,363,"Part 3, Lecture 4: Self-Check Question 2",UBCx/PSYC.1x/problem/098a4a12aab847e4b0307db9b68c6681,true
problem,364,"Part 3, Lecture 4: Self-Check Question 3",UBCx/PSYC.1x/problem/8afd83b69a41473d80af3f07434e3956,true
problem,375,"Part 3, Lecture 5: Self-Check Question 1",UBCx/PSYC.1x/problem/87297c8091d54380a0363c8403d7bcd0,true
problem,376,"Part 3, Lecture 5: Self-Check Question 2",UBCx/PSYC.1x/problem/e682bb771caf4eb4b104565ab31143da,true
problem,377,"Part 3, Lecture 5: Self-Check Question 3",UBCx/PSYC.1x/problem/ffe5d4d03fe84db1ad82cfd4650bd19c,true
problem,378,"Part 3, Lecture 5: Self-Check Question 4",UBCx/PSYC.1x/problem/583bd26e618c49fa83feb3ade06e4ee4,true
problem,393,Part 3 Quiz: Question 1,UBCx/PSYC.1x/problem/4dd0ae465f1a4f67be8573e1ab31fe47,true
problem,394,Part 3 Quiz: Question 2,UBCx/PSYC.1x/problem/6b38af13359e4e8ba89e68ca2181f8a0,true
problem,395,Part 3 Quiz: Question 3,UBCx/PSYC.1x/problem/7a897de4075b42928193994b1357d585,true
problem,396,Part 3 Quiz: Question 4,UBCx/PSYC.1x/problem/5c52fd5e18d34a13b3bb0494ee98d248,true
problem,397,Part 3 Quiz: Question 5,UBCx/PSYC.1x/problem/402c16e359e34812ae224d7390dcd74a,true
problem,398,Part 3 Quiz: Question 6,UBCx/PSYC.1x/problem/0be37f474312438e95d2fbed69c9f489,true
problem,399,Part 3 Quiz: Question 7,UBCx/PSYC.1x/problem/7baecc864ba0460f9a94cbdcb932d272,true
problem,400,Part 3 Quiz: Question 8,UBCx/PSYC.1x/problem/40cc8cfb44204d438b60636caaf65d68,true
problem,401,Part 3 Quiz: Question 9,UBCx/PSYC.1x/problem/c137cccb17604b6b86d54a07995801da,true
problem,402,Part 3 Quiz: Question 10,UBCx/PSYC.1x/problem/d6c66ed40ee1466f854ff9741a6b4c93,true
problem,403,Part 3 Quiz: Question 11,UBCx/PSYC.1x/problem/7337c81147d142c5b54e26566d4314a4,true
problem,404,Part 3 Quiz: Question 12,UBCx/PSYC.1x/problem/ecead122adac43f498e192904485508e,true
problem,405,Part 3 Quiz: Question 13,UBCx/PSYC.1x/problem/f420b77c4cd947e19c149bba5df45de3,true
problem,406,Part 3 Quiz: Question 14,UBCx/PSYC.1x/problem/ad4f0fa60d8a419d9653122ec27205f2,true
problem,407,Part 3 Quiz: Question 15,UBCx/PSYC.1x/problem/a66b61abe3084a9ab93f2f1dc80d02bc,true
problem,408,Part 3 Quiz: Question 16,UBCx/PSYC.1x/problem/ea12e7e231dc49e3b666b754ce72ae69,true
problem,409,Part 3 Quiz: Question 17,UBCx/PSYC.1x/problem/627f13a81ecd47c7a1581f9e05f508c2,true
problem,410,Part 3 Quiz: Question 18,UBCx/PSYC.1x/problem/d772ce93869943288de400194c90ac99,true
problem,411,Part 3 Quiz: Question 19,UBCx/PSYC.1x/problem/39e6e8522e634773ac2945e071029394,true
problem,412,Part 3 Quiz: Question 20,UBCx/PSYC.1x/problem/4b43fa45a24a4fe48122ef47192b7ce2,true
problem,426,b87cc81424c771e5570a,UBCx/PSYC.1x/problem/b87cc81424c771e5570a,true
problem,427,b14b4d02091c6166a13f,UBCx/PSYC.1x/problem/b14b4d02091c6166a13f,true
problem,428,1f4d8d3777ff28bbaab3,UBCx/PSYC.1x/problem/1f4d8d3777ff28bbaab3,true
problem,429,fd0ab36a1c81e62e1b7e,UBCx/PSYC.1x/problem/fd0ab36a1c81e62e1b7e,true
problem,430,84dcc6da7f39aa74db16,UBCx/PSYC.1x/problem/84dcc6da7f39aa74db16,true
problem,431,9f52c1a07ef0621225ab,UBCx/PSYC.1x/problem/9f52c1a07ef0621225ab,true
problem,432,605c99b86c9a2d2dfb9d,UBCx/PSYC.1x/problem/605c99b86c9a2d2dfb9d,true
problem,433,8ab7f043c2a4da8a2512,UBCx/PSYC.1x/problem/8ab7f043c2a4da8a2512,true
problem,434,4b19246b07032f2c709b,UBCx/PSYC.1x/problem/4b19246b07032f2c709b,true
problem,435,09ad235fc354fcf48109,UBCx/PSYC.1x/problem/09ad235fc354fcf48109,true
problem,436,9e842cb1c8a04fcaf63d,UBCx/PSYC.1x/problem/9e842cb1c8a04fcaf63d,true
problem,437,db16270247300a740b1d,UBCx/PSYC.1x/problem/db16270247300a740b1d,true
problem,438,44ed3e0faad46e0c8100,UBCx/PSYC.1x/problem/44ed3e0faad46e0c8100,true
problem,439,2f5538b3a3578c56f0fc,UBCx/PSYC.1x/problem/2f5538b3a3578c56f0fc,true
problem,440,946c079161d38dd78a36,UBCx/PSYC.1x/problem/946c079161d38dd78a36,true
problem,441,b0fc504754d7b0aef64c,UBCx/PSYC.1x/problem/b0fc504754d7b0aef64c,true
problem,442,a66fcae479cafff028d2,UBCx/PSYC.1x/problem/a66fcae479cafff028d2,true
problem,443,f76b013200a19347d368,UBCx/PSYC.1x/problem/f76b013200a19347d368,true
problem,444,56d0c7ba733d63c16aab,UBCx/PSYC.1x/problem/56d0c7ba733d63c16aab,true
problem,445,af6c297d9a5cbf9d8bd4,UBCx/PSYC.1x/problem/af6c297d9a5cbf9d8bd4,true
problem,446,3c73dd91d50814e3c01a,UBCx/PSYC.1x/problem/3c73dd91d50814e3c01a,true
problem,447,b575fba54595c6b11ffa,UBCx/PSYC.1x/problem/b575fba54595c6b11ffa,true
problem,448,c943bd6d1afac2eab8fc,UBCx/PSYC.1x/problem/c943bd6d1afac2eab8fc,true
problem,449,0ec7d6dec3b095416988,UBCx/PSYC.1x/problem/0ec7d6dec3b095416988,true
problem,450,c9acda6daeeb2f71b20b,UBCx/PSYC.1x/problem/c9acda6daeeb2f71b20b,true
problem,451,f411e55748ce511ab47b,UBCx/PSYC.1x/problem/f411e55748ce511ab47b,true
problem,452,0754c7ade04c1e88e847,UBCx/PSYC.1x/problem/0754c7ade04c1e88e847,true
problem,453,1838f818eebf846af9b7,UBCx/PSYC.1x/problem/1838f818eebf846af9b7,true
problem,454,43624c9f5550ad13f705,UBCx/PSYC.1x/problem/43624c9f5550ad13f705,true
problem,455,53aa2802e0a038d95b39,UBCx/PSYC.1x/problem/53aa2802e0a038d95b39,true
problem,456,8e409953a6a09a37c183,UBCx/PSYC.1x/problem/8e409953a6a09a37c183,true
problem,457,deb424e1ca025b50ae41,UBCx/PSYC.1x/problem/deb424e1ca025b50ae41,true
problem,458,5c4f35936f152ecd0783,UBCx/PSYC.1x/problem/5c4f35936f152ecd0783,true
problem,459,69d98bd7ff22b6c718ca,UBCx/PSYC.1x/problem/69d98bd7ff22b6c718ca,true
problem,460,caf0ac15c61f11a5a6e2,UBCx/PSYC.1x/problem/caf0ac15c61f11a5a6e2,true
problem,461,ab12f12b7e29a35d690c,UBCx/PSYC.1x/problem/ab12f12b7e29a35d690c,true
problem,462,3c94b79443b584f34ee3,UBCx/PSYC.1x/problem/3c94b79443b584f34ee3,true
problem,463,1f70e1d996e63a122158,UBCx/PSYC.1x/problem/1f70e1d996e63a122158,true
problem,464,7e055dddfdda3cc551ba,UBCx/PSYC.1x/problem/7e055dddfdda3cc551ba,true
problem,465,dae216787ef495f8be4c,UBCx/PSYC.1x/problem/dae216787ef495f8be4c,true
problem,466,bc5f8f514d6b9f4c3775,UBCx/PSYC.1x/problem/bc5f8f514d6b9f4c3775,true
problem,467,dc3073914d43e2ee0d14,UBCx/PSYC.1x/problem/dc3073914d43e2ee0d14,true
problem,468,4f468753c50ac81c6a6a,UBCx/PSYC.1x/problem/4f468753c50ac81c6a6a,true
problem,469,530d0d9a101b4209f595,UBCx/PSYC.1x/problem/530d0d9a101b4209f595,true
problem,470,aaccf295880dfbea5aed,UBCx/PSYC.1x/problem/aaccf295880dfbea5aed,true
problem,471,1274a2142f067746aaac,UBCx/PSYC.1x/problem/1274a2142f067746aaac,true
problem,472,5e5c0733412f1899bb82,UBCx/PSYC.1x/problem/5e5c0733412f1899bb82,true
problem,473,11a6e1d23f4b39a45223,UBCx/PSYC.1x/problem/11a6e1d23f4b39a45223,true
problem,474,0ba0fbe652b702053579,UBCx/PSYC.1x/problem/0ba0fbe652b702053579,true
problem,475,1f6ec9fc0a75e3027e82,UBCx/PSYC.1x/problem/1f6ec9fc0a75e3027e82,true
problem,476,639e7af227335b7ca913,UBCx/PSYC.1x/problem/639e7af227335b7ca913,true
problem,477,eaaaa8bcb878b2d6a7bd,UBCx/PSYC.1x/problem/eaaaa8bcb878b2d6a7bd,true
problem,478,587df9115f1eff6d462a,UBCx/PSYC.1x/problem/587df9115f1eff6d462a,true
problem,479,6e84cd05c07eb839d851,UBCx/PSYC.1x/problem/6e84cd05c07eb839d851,true
problem,480,0d0d391959bb5f02d90e,UBCx/PSYC.1x/problem/0d0d391959bb5f02d90e,true
problem,481,ba2b02d2223bf26975da,UBCx/PSYC.1x/problem/ba2b02d2223bf26975da,true
problem,482,0f5df1cfcd5614b2fbf3,UBCx/PSYC.1x/problem/0f5df1cfcd5614b2fbf3,true
problem,483,e92f477a9618351b3437,UBCx/PSYC.1x/problem/e92f477a9618351b3437,true
problem,484,4582f87f38486872c7da,UBCx/PSYC.1x/problem/4582f87f38486872c7da,true
problem,485,5c1e8b1090cf55569923,UBCx/PSYC.1x/problem/5c1e8b1090cf55569923,true
problem,486,1d879f9eb127ac93ee41,UBCx/PSYC.1x/problem/1d879f9eb127ac93ee41,true
problem,487,932ead15e88dfd079f14,UBCx/PSYC.1x/problem/932ead15e88dfd079f14,true
problem,488,5a2f654daf5f3d76c0aa,UBCx/PSYC.1x/problem/5a2f654daf5f3d76c0aa,true
problem,489,4f862e9f96dd1ef0bd1c,UBCx/PSYC.1x/problem/4f862e9f96dd1ef0bd1c,true
problem,490,3ffca98ad4d6d1ad037b,UBCx/PSYC.1x/problem/3ffca98ad4d6d1ad037b,true
problem,491,baafe55ff16a17c7378d,UBCx/PSYC.1x/problem/baafe55ff16a17c7378d,true
problem,492,376480448ca9a47a4cf1,UBCx/PSYC.1x/problem/376480448ca9a47a4cf1,true
problem,493,dc80536941674b15465c,UBCx/PSYC.1x/problem/dc80536941674b15465c,true
problem,494,845d0f92fb35c2f0d299,UBCx/PSYC.1x/problem/845d0f92fb35c2f0d299,true
problem,495,1c0d97e2f55f0daf9808,UBCx/PSYC.1x/problem/1c0d97e2f55f0daf9808,true
problem,496,b1382660263529066c4f,UBCx/PSYC.1x/problem/b1382660263529066c4f,true
problem,497,a7c3b375066a13f99851,UBCx/PSYC.1x/problem/a7c3b375066a13f99851,true
problem,498,d64a085c867d58fa4f0d,UBCx/PSYC.1x/problem/d64a085c867d58fa4f0d,true
problem,499,844ac22e57067a9025ee,UBCx/PSYC.1x/problem/844ac22e57067a9025ee,true
problem,500,419fecd289272b6192df,UBCx/PSYC.1x/problem/419fecd289272b6192df,true
problem,501,cad64e3c306db5478c81,UBCx/PSYC.1x/problem/cad64e3c306db5478c81,true
problem,502,5ccc7f1fd9fed2433b64,UBCx/PSYC.1x/problem/5ccc7f1fd9fed2433b64,true
problem,503,43e605d97049f224379a,UBCx/PSYC.1x/problem/43e605d97049f224379a,true
problem,504,a172c0b816db1d5ed33e,UBCx/PSYC.1x/problem/a172c0b816db1d5ed33e,true
problem,505,6488f978144d18f45c44,UBCx/PSYC.1x/problem/6488f978144d18f45c44,true
problem,506,e1019a624dc24207305f,UBCx/PSYC.1x/problem/e1019a624dc24207305f,true
problem,507,2d9cb90c7a5407ebdffa,UBCx/PSYC.1x/problem/2d9cb90c7a5407ebdffa,true
problem,508,115118f5229104fce285,UBCx/PSYC.1x/problem/115118f5229104fce285,true
problem,509,17f7e57a726d04f7f8f5,UBCx/PSYC.1x/problem/17f7e57a726d04f7f8f5,true
problem,510,30d5c9b2c33eff554db2,UBCx/PSYC.1x/problem/30d5c9b2c33eff554db2,true
problem,511,4791724ceb4582768394,UBCx/PSYC.1x/problem/4791724ceb4582768394,true
problem,512,0f32fa6cc0eb4af194a8,UBCx/PSYC.1x/problem/0f32fa6cc0eb4af194a8,true
problem,513,2a3c60df58e5ef2021ae,UBCx/PSYC.1x/problem/2a3c60df58e5ef2021ae,true
problem,514,546c29fc31522e614399,UBCx/PSYC.1x/problem/546c29fc31522e614399,true
problem,515,fb612358ae741fdee82e,UBCx/PSYC.1x/problem/fb612358ae741fdee82e,true
problem,516,f1f174a68ac423b4c799,UBCx/PSYC.1x/problem/f1f174a68ac423b4c799,true
problem,517,4d4bfe2d3dae1971801f,UBCx/PSYC.1x/problem/4d4bfe2d3dae1971801f,true
problem,518,9f60c162282d48f20265,UBCx/PSYC.1x/problem/9f60c162282d48f20265,true
problem,519,261f8db2acfac41802bf,UBCx/PSYC.1x/problem/261f8db2acfac41802bf,true
problem,520,bdebcc2a328966c76fca,UBCx/PSYC.1x/problem/bdebcc2a328966c76fca,true
problem,521,ec2ddc960b497b79e5a9,UBCx/PSYC.1x/problem/ec2ddc960b497b79e5a9,true
problem,522,911a5818e4034c0bcf00,UBCx/PSYC.1x/problem/911a5818e4034c0bcf00,true
problem,523,a59621e9349a33f641ad,UBCx/PSYC.1x/problem/a59621e9349a33f641ad,true
problem,524,681af256a49c5e383f9f,UBCx/PSYC.1x/problem/681af256a49c5e383f9f,true
problem,525,4ec7e722c23256ecb1a2,UBCx/PSYC.1x/problem/4ec7e722c23256ecb1a2,true
vertical,33,"Readings: Chapter 1, Introduction",UBCx/PSYC.1x/vertical/7e6d9c005aab446a8f567073e665a676,true
vertical,35,"Readings: Chapter 1, Section 1.1 - What is Psychology?",UBCx/PSYC.1x/vertical/f2e057aeeffb48fda87e752ac05d3faf,true
vertical,37,"Readings: Chapter 1, Section 1.2 - History of Psychology",UBCx/PSYC.1x/vertical/7b917896a5534e00a9494268d023ac25,true
vertical,39,"Readings: Chapter 1, Section 1.3 - Contemporary Psychology",UBCx/PSYC.1x/vertical/7b2461ef4a8642f9963470874d42700b,true
vertical,41,"Readings: Chapter 1, Section 1.4 - Careers in Psychology",UBCx/PSYC.1x/vertical/0316e2b636834ea8b5de614d757758e8,true
vertical,43,Part 1 Readings Review,UBCx/PSYC.1x/vertical/6383ad79224842258e40823b9e0a3f94,true
vertical,65,History of Psychology: Learning Goals,UBCx/PSYC.1x/vertical/240dc24a7f524c69953f97d8d2e4fe2e,true
vertical,67,"Part 1, Lecture 2: Video",UBCx/PSYC.1x/vertical/f7bae788ed6e4c8ca12c3e262f293ec8,true
vertical,70,Glossary of Terms,UBCx/PSYC.1x/vertical/2e07a2bec9b14767b1586d7da9064bc6,true
vertical,72,"Part 1, Lecture 2: Self-Check Questions",UBCx/PSYC.1x/vertical/b0b247708dbc47b7b262b13694607235,true
vertical,78,Contemporary Psychology: Learning Goals,UBCx/PSYC.1x/vertical/060099877c0e49048dd560d4061300e6,true
vertical,80,"Part 1, Lecture 3: Video",UBCx/PSYC.1x/vertical/c8ce1e11e79a49e8ace5932a493eb8ce,true
vertical,83,Glossary of Terms,UBCx/PSYC.1x/vertical/ce4d3b1484114b378ccc37fe7eb80cd3,true
vertical,85,"Part 1, Lecture 3: Self-Check Questions",UBCx/PSYC.1x/vertical/a55cc27a519f4ab1bcb8eccad2449601,true
vertical,91,Learning Tips: Learning Goals,UBCx/PSYC.1x/vertical/3dbd2a69aad040ed887a4df9793afc69,true
vertical,93,"Part 1, Lecture 4: Video",UBCx/PSYC.1x/vertical/20bec69e5445416582d612bd259497e6,true
vertical,96,Glossary of Terms,UBCx/PSYC.1x/vertical/9acfed1e12c4465fae78c465b669ab48,true
vertical,98,"Part 1, Lecture 4: Self-Check Questions",UBCx/PSYC.1x/vertical/832cd080656745cdb7f285b64049a625,true
vertical,104,Part 1 Discussion Questions,UBCx/PSYC.1x/vertical/600a38b253a041e6ad67287e63c53bd4,true
vertical,112,Part 1 Quiz,UBCx/PSYC.1x/vertical/dc00346e7fec4543bdba14042ae524f1,true
vertical,178,"Readings: Chapter 2, Introduction",UBCx/PSYC.1x/vertical/d28c05a72d8d4312aac7a0831f88c45a,true
vertical,180,"Readings: Chapter 2, Section 2.1 - Why Is Research Important?",UBCx/PSYC.1x/vertical/2c70df390b73476c8714f3cc30219728,true
vertical,182,"Readings: Chapter 2, Section 2.2 - Approaches to Research",UBCx/PSYC.1x/vertical/b0f2609f912f4b11b726315435cd4ce0,true
vertical,184,"Readings: Chapter 2, Section 2.4 - Ethics",UBCx/PSYC.1x/vertical/ba860e85ba774f50a82c9cd62236ea6b,true
vertical,186,Part 2 Readings Review,UBCx/PSYC.1x/vertical/a8eead747a1f43f388e005dd0664a1c2,true
vertical,199,The Need for Psychological Science: Learning Goals,UBCx/PSYC.1x/vertical/018556fd6f834b50a0f095d0f618813d,true
vertical,201,"Part 2, Lecture 1: Video",UBCx/PSYC.1x/vertical/faff5ea157144871b727cf488d670e5d,true
vertical,204,Glossary of Terms,UBCx/PSYC.1x/vertical/b333e49a3a5347b4afa7aac42b31fa3d,true
vertical,206,"Part 2, Lecture 1: Self-Check Questions",UBCx/PSYC.1x/vertical/c296ca9e8a11467da8fce5e5695dea3d,true
vertical,212,The Scientific Method: Learning Goals,UBCx/PSYC.1x/vertical/2f1bfae0a55c485388423ca6dd0f5b73,true
vertical,214,"Part 2, Lecture 2: Video",UBCx/PSYC.1x/vertical/9ed71e0fd97849238fbe47418fdebaee,true
vertical,217,Glossary of Terms,UBCx/PSYC.1x/vertical/1d7afa3d392f4c62bbca3e17e824c9ca,true
vertical,219,"Part 2, Lecture 2: Self-Check Questions",UBCx/PSYC.1x/vertical/138762020fee4da0bf46e904f50bdd46,true
vertical,225,Methods - Description of Behavior: Learning Goals,UBCx/PSYC.1x/vertical/9005846007924d218fa66e19a26a6891,true
vertical,227,"Part 2, Lecture 3: Video",UBCx/PSYC.1x/vertical/e0a5ac0ebca54bca9fb26bc4fdaae1f6,true
vertical,230,Glossary of Terms,UBCx/PSYC.1x/vertical/1118878d4b154f1d85bc73d82521aa3b,true
vertical,232,Part 2 Lecture 3: Self-Check Questions,UBCx/PSYC.1x/vertical/51f721b6d4e64eca84f755b2fe57dd45,true
vertical,238,Methods - Correlation: Learning Goals,UBCx/PSYC.1x/vertical/c6bd8a527e5b4d388ab1eca2aab29f0a,true
vertical,240,"Part 2, Lecture 4: Video",UBCx/PSYC.1x/vertical/1ef5b5903ec4429aa18ba63ed8dd6e6d,true
vertical,243,Glossary of Terms,UBCx/PSYC.1x/vertical/231bcf592b954df7b606fea05387c3d4,true
vertical,245,"Part 2, Lecture 4: Self-Check Questions",UBCx/PSYC.1x/vertical/90bcc08a85174ad3a5e6e654baef8aa2,true
vertical,251,Part 2 Discussion Questions,UBCx/PSYC.1x/vertical/18148b29b83d40cbb3ec9741be60e4a4,true
vertical,259,Part 2 Quiz,UBCx/PSYC.1x/vertical/027ba3dda22e4ba0842359247a69074f,true
vertical,295,"Readings: Chapter 2, Section 2.3 - Analyzing Findings",UBCx/PSYC.1x/vertical/978e4854095f45cdb358a8e0b7d6ef76,true
vertical,297,Part 3 Readings Review,UBCx/PSYC.1x/vertical/661d08c82bd6406a99388ee1264a84ac,true
vertical,310,Methods - Experimentation: Learning Goals,UBCx/PSYC.1x/vertical/ae2eafb5f0fb409fbc474fd5eb4ebf3f,true
vertical,312,"Part 3, Lecture 1: Video",UBCx/PSYC.1x/vertical/3e66cf624d0949018ccacec9a0acf2a0,true
vertical,315,Glossary of Terms,UBCx/PSYC.1x/vertical/092653b311d041afbaffdd7697572584,true
vertical,317,"Part 3, Lecture 1: Self-Check Questions",UBCx/PSYC.1x/vertical/04016e4fc02542cfb8a086147fb455de,true
vertical,323,Statistical Reasoning - Describing Data I: Learning Goals,UBCx/PSYC.1x/vertical/739554a736d8417b8526c7a164173e12,true
vertical,325,"Part 3, Lecture 2: Video",UBCx/PSYC.1x/vertical/9923ec8f59f44669b3b17411e58753c3,true
vertical,328,Glossary of Terms,UBCx/PSYC.1x/vertical/4c9b7a7d0552472cb02d8decdda1f043,true
vertical,330,"Part 3, Lecture 2: Self-Check Questions",UBCx/PSYC.1x/vertical/ff174dd76a064dc391dde9b5534d585c,true
vertical,336,Statistical Reasoning - Describing Data II: Learning Goals,UBCx/PSYC.1x/vertical/64b422fc781b46819253699714d57472,true
vertical,338,"Part 3, Lecture 3: Video",UBCx/PSYC.1x/vertical/6f55fbbc044540f7a84ebc22151d6f39,true
vertical,341,Glossary of Terms,UBCx/PSYC.1x/vertical/2514acbaf5d44e06973614fb8988edf3,true
vertical,343,"Part 3, Lecture 3: Self-Check Questions",UBCx/PSYC.1x/vertical/90c4ea5248584c13b7ebd86db42a9a2d,true
vertical,353,Statistical Reasoning - Making Inferences: Learning Goals,UBCx/PSYC.1x/vertical/84edfef346dc4057b943296ec3c2fd4c,true
vertical,355,"Part 3, Lecture 4: Video",UBCx/PSYC.1x/vertical/d24adbdacb8c4f18a8783cfaa364cf4c,true
vertical,358,Glossary of Terms,UBCx/PSYC.1x/vertical/de6f6c330aeb4677b93d7b10db027808,true
vertical,360,"Part 3, Lecture 4: Self-Check Questions",UBCx/PSYC.1x/vertical/ab446a2affce4ff19617b1fc5e1cedcc,true
vertical,366,Psychology FAQ: Learning Goals,UBCx/PSYC.1x/vertical/e2b7b64e035c46a4940910ca19dae590,true
vertical,368,"Part 3, Lecture 5: Video",UBCx/PSYC.1x/vertical/ae1ddde2d7984a3fa11d394a66780e6a,true
vertical,371,Glossary of Terms,UBCx/PSYC.1x/vertical/8e8a5e42b7254c2e8fba7f5dbadda062,true
vertical,373,"Part 3, Lecture 5: Self-Check Questions",UBCx/PSYC.1x/vertical/6294fe4ecf5d4b81808c9bee828d8894,true
vertical,383,Part 3 Discussion Questions,UBCx/PSYC.1x/vertical/46dd29d060f74ed48289e894def6141f,true
vertical,391,Part 3 Quiz,UBCx/PSYC.1x/vertical/00731851912c45a78ff33181d8fe76cf,true
vertical,422,Multiple Choice Questions,UBCx/PSYC.1x/vertical/4b2e0aadf98c42c68b6d19651dbe3326,true
vertical,527,Free-Response Questions,UBCx/PSYC.1x/vertical/92ba9531612d45eb93b8d4daa2bd388f,true
sequential,32,Part 1 Readings,UBCx/PSYC.1x/sequential/d469bbfa19454aaf934f4c4c54da6f87,true
sequential,64,History of Psychology,UBCx/PSYC.1x/sequential/24aaa1a9e98e4f5da2886d222418f53e,true
sequential,77,Contemporary Psychology,UBCx/PSYC.1x/sequential/de659c7345ea4349a0964f5aea0250eb,true
sequential,90,Learning Tips,UBCx/PSYC.1x/sequential/cb3a39e734114b14840eda31b9440f71,true
sequential,103,Part 1 Discussion Questions,UBCx/PSYC.1x/sequential/83a1e0d880414d5681559f413356c114,true
sequential,111,Part 1 Quiz,UBCx/PSYC.1x/sequential/bc52f8f78bf1484ca36236d245377e67,true
sequential,177,Part 2 Readings,UBCx/PSYC.1x/sequential/7bbf5e7db7b14bd5af987ba913855eb5,true
sequential,198,The Need for Psychological Science,UBCx/PSYC.1x/sequential/7ce739425f0e48229aa16b1e963ebf51,true
sequential,211,The Scientific Method,UBCx/PSYC.1x/sequential/e55c5c8343cb4a4db8bd78944f9fcd1c,true
sequential,224,Methods - Description of Behavior,UBCx/PSYC.1x/sequential/e61d417129fd4973a96142df025ca608,true
sequential,237,Methods - Correlation,UBCx/PSYC.1x/sequential/3efc4c88b20942a2867e130156740c1d,true
sequential,250,Part 2 Discussion Questions,UBCx/PSYC.1x/sequential/e7203886c21741a88ebec12a2c272977,true
sequential,258,Part 2 Quiz,UBCx/PSYC.1x/sequential/8810d9a17e1d4142a408c8b10ddfc6da,true
sequential,294,Part 3 Readings,UBCx/PSYC.1x/sequential/4ce84023cb1841cdb637a904bdf2cd08,true
sequential,309,Methods - Experimentation,UBCx/PSYC.1x/sequential/56789f7e0f594251a7e340753cb357e4,true
sequential,322,Statistical Reasoning - Describing Data I,UBCx/PSYC.1x/sequential/cc7f6222de124bc2991554b50100c824,true
sequential,335,Statistical Reasoning - Describing Data II,UBCx/PSYC.1x/sequential/e66a6ddbf28d49b2ad6ebe1e24d76cf2,true
sequential,352,Statistical Reasoning - Making Inferences,UBCx/PSYC.1x/sequential/760775730326427fbc525f535f6edf48,true
sequential,365,Psychology FAQ,UBCx/PSYC.1x/sequential/2225a619324c415fb9ce87dcb73f0142,true
sequential,382,Part 3 Discussion Questions,UBCx/PSYC.1x/sequential/e7de65961c314ea2b5673cc44a922bde,true
sequential,390,Part 3 Quiz,UBCx/PSYC.1x/sequential/9af47b1aabdc43bda355834b8253e877,true
sequential,421,Multiple Choice Questions,UBCx/PSYC.1x/sequential/de84e964269e4096ad24258c5f15c1ea,true
sequential,526,Free-Response Questions,UBCx/PSYC.1x/sequential/bc85aa667887432eaf3c746e436f96b2,true
openassessment,106,1c21ffed8ac64b58a185e2b40697e570,UBCx/PSYC.1x/openassessment/1c21ffed8ac64b58a185e2b40697e570,true
openassessment,107,06ccb4a9c0204159bb176fac6fe95bf0,UBCx/PSYC.1x/openassessment/06ccb4a9c0204159bb176fac6fe95bf0,true
openassessment,253,48b05b1984e14612a2654ee7610edab7,UBCx/PSYC.1x/openassessment/48b05b1984e14612a2654ee7610edab7,true
openassessment,254,4ee16a22e45b4e53977f4143b24a70cd,UBCx/PSYC.1x/openassessment/4ee16a22e45b4e53977f4143b24a70cd,true
openassessment,385,3c42ade24d804609b2fe3717f49eca9a,UBCx/PSYC.1x/openassessment/3c42ade24d804609b2fe3717f49eca9a,true
openassessment,386,5b120a9929314368bbebcd1e90bcc82c,UBCx/PSYC.1x/openassessment/5b120a9929314368bbebcd1e90bcc82c,true
openassessment,530,1fcacf33548f426da9e1ba031f482863,UBCx/PSYC.1x/openassessment/1fcacf33548f426da9e1ba031f482863,true
openassessment,531,4da1bba4bfe243b8a172617b96aa48ec,UBCx/PSYC.1x/openassessment/4da1bba4bfe243b8a172617b96aa48ec,true
openassessment,532,17378c94a16b487285667d9e989a73d4,UBCx/PSYC.1x/openassessment/17378c94a16b487285667d9e989a73d4,true
library_content,425,Multiple Choice Questions,UBCx/PSYC.1x/library_content/fbf091abd8c7494895e059cd2c250a25,true
